IATA_Code,ICAO_Code,Manufacturer,Model,Full_Designation,Common_Name,Generation,Category,Mission_Type,WTC,Status
100,F100,Fokker,100,Fokker 100,100,,2J,Passenger,M,In Service
141,B461,BAe,146-100,BAe 146-100,146-100,,4J,Passenger,M,In Service
142,B462,BAe,BAE Systems 146-200 Passenger,BAe BAE Systems 146-200 Passenger,BAE Systems 146-200 Passenger,,4J,Passenger,M,In Service
143,B463,BAe,146-300,BAe 146-300,146-300,,4J,Passenger,M,In Service
146,,BAe,146,BAe 146,146,,,Passenger,M,In Service
14F,,BAe,146 Freighter (-100/200/300QT & QC),BAe 146 Freighter (-100/200/300QT & QC),146 Freighter (-100/200/300QT & QC),,,Passenger,M,In Service
14X,B461,BAe,146 Freighter (-100QT & QC),BAe 146 Freighter (-100QT & QC),146 Freighter (-100QT & QC),,4J,Passenger,,In Service
14Y,B462,BAe,146 Freighter (-200QT & QC),BAe 146 Freighter (-200QT & QC),146 Freighter (-200QT & QC),,4J,Passenger,,In Service
14Z,B463,BAe,146 Freighter (-300QT & QC),BAe 146 Freighter (-300QT & QC),146 Freighter (-300QT & QC),,4J,Passenger,,In Service
19D,,Airbus,A319,Airbus A319,A319,,,Passenger,,In Service
221,BCS1,Airbus,A220-100,Airbus A220-100,A220-100,,,Passenger,,In Service
223,BCS3,Airbus,A220-200,Airbus A220-200,A220-200,,,Passenger,,In Service
290,E290,Embraer,E190-E2,Embraer E190-E2,E190-E2,,,Passenger,M,In Service
295,E295,Embraer,E195-E2,Embraer E195-E2,E195-E2,,,Passenger,M,In Service
310,,Airbus,A310,Airbus A310,A310,,,Passenger,H,In Service
312,A310,Airbus,A310-200,Airbus A310-200,A310-200,,2J,Passenger,,In Service
313,A310,Airbus,A310-300,Airbus A310-300,A310-300,,2J,Passenger,,In Service
318,A318,Airbus,A318,Airbus A318,A318,,2J,Passenger,M,In Service
319,A319,Airbus,A319,Airbus A319,A319,,2J,Passenger,M,In Service
31F,,Airbus,A310F,Airbus A310F,A310F,,,Passenger,,In Service
31N,A19N,Airbus,A319 Neo,Airbus A319 Neo,A319 Neo,,2J,Passenger,M,In Service
31W,,Airbus,A319 (Sharklets),Airbus A319 (Sharklets),A319 (Sharklets),,,Passenger,,In Service
31X,A310,Airbus,A310-200F,Airbus A310-200F,A310-200F,,2J,Passenger,,In Service
31Y,A310,Airbus,A310-300F,Airbus A310-300F,A310-300F,,2J,Passenger,,In Service
320,A320,Airbus,A320-100/200,Airbus A320-100/200,A320-100/200,,2J,Passenger,M,In Service
321,A321,Airbus,A321-100/200,Airbus A321-100/200,A321-100/200,,2J,Passenger,M,In Service
32A,A320,Airbus,A320 (sharklets),Airbus A320 (sharklets),A320 (sharklets),,2J,Passenger,,In Service
32B,A321,Airbus,A321 (sharklets),Airbus A321 (sharklets),A321 (sharklets),,2J,Passenger,,In Service
32C,,Airbus,A318 (sharklets),Airbus A318 (sharklets),A318 (sharklets),,,Passenger,,In Service
32D,,Airbus,A319 (sharklets),Airbus A319 (sharklets),A319 (sharklets),,,Passenger,,In Service
32F,A320,Airbus,A320 Freighter,Airbus A320 Freighter,A320 Freighter,,2J,Passenger,,In Service
32N,A20N,Airbus,A320-200 Neo,Airbus A320-200 Neo,A320-200 Neo,,2J,Passenger,M,In Service
32Q,A21N,Airbus,A321-200 Neo,Airbus A321-200 Neo,A321-200 Neo,,2J,Passenger,M,In Service
32S,,Airbus,A318/319/320/321,Airbus A318/319/320/321,A318/319/320/321,,2J,Passenger,,In Service
32X,A321,Airbus,A321 Freighter,Airbus A321 Freighter,A321 Freighter,,2J,Passenger,,In Service
330,,Airbus,A330,Airbus A330,A330,,,Passenger,H,In Service
332,A332,Airbus,A330-200,Airbus A330-200,A330-200,,2J,Passenger,H,In Service
333,A333,Airbus,A330-300,Airbus A330-300,A330-300,,2J,Passenger,H,In Service
338,A338,Airbus,A330-800 Neo,Airbus A330-800 Neo,A330-800 Neo,,2J,Passenger,H,In Service
339,A339,Airbus,A330-900 Neo,Airbus A330-900 Neo,A330-900 Neo,,2J,Passenger,H,In Service
33F,,Airbus,A330 Freighter,Airbus A330 Freighter,A330 Freighter,,,Passenger,,In Service
33X,A332,Airbus,A330-200 Freighter,Airbus A330-200 Freighter,A330-200 Freighter,,2J,Passenger,,In Service
340,,Airbus,A340,Airbus A340,A340,,,Passenger,H,In Service
342,A342,Airbus,A340-200,Airbus A340-200,A340-200,,4J,Passenger,H,In Service
343,A343,Airbus,A340-300,Airbus A340-300,A340-300,,4J,Passenger,H,In Service
345,A345,Airbus,A340-500,Airbus A340-500,A340-500,,4J,Passenger,H,In Service
346,A346,Airbus,A340-600,Airbus A340-600,A340-600,,4J,Passenger,H,In Service
350,,Airbus,A350,Airbus A350,A350,,,Passenger,H,In Service
351,ZZZZ,Airbus,A350-1000,Airbus A350-1000,A350-1000,,2J,Passenger,H,In Service
358,ZZZZ,Airbus,A350-800,Airbus A350-800,A350-800,,2J,Passenger,,In Service
359,ZZZZ,Airbus,A350-900,Airbus A350-900,A350-900,,2J,Passenger,H,In Service
380,,Airbus,A380,Airbus A380,A380,,,Passenger,J,In Service
388,A388,Airbus,A380,Airbus A380,A380,,4J,Passenger,J,In Service
38F,A388,Airbus,A380F,Airbus A380F,A380F,,4J,Passenger,,In Service
703,B703,Boeing,707-300,Boeing 707-300,707-300,,4J,Passenger,H,In Service
707,,Boeing,707/720,Boeing 707/720,707/720,,,Passenger,,In Service
70F,B703,Boeing,707 Freighter,Boeing 707 Freighter,707 Freighter,,4J,Passenger,,In Service
70M,B703,Boeing,707 Combi,Boeing 707 Combi,707 Combi,,4J,Passenger,,In Service
717,B712,Boeing,717,Boeing 717,717,,2J,Passenger,M,In Service
721,B721,Boeing,727-100,Boeing 727-100,727-100,,3J,Passenger,M,In Service
722,B722,Boeing,727-200,Boeing 727-200,727-200,,3J,Passenger,M,In Service
727,,Boeing,727,Boeing 727,727,,,Passenger,M,In Service
72A,,Boeing,727-200 Advanced,Boeing 727-200 Advanced,727-200 Advanced,,,Passenger,,In Service
72B,B721,Boeing,727-100 Mixed,Boeing 727-100 Mixed,727-100 Mixed,,3J,Passenger,,In Service
72C,B722,Boeing,727-200 Mixed,Boeing 727-200 Mixed,727-200 Mixed,,3J,Passenger,,In Service
72F,,Boeing,727 Freighter (-100/200),Boeing 727 Freighter (-100/200),727 Freighter (-100/200),,,Passenger,,In Service
72M,,Boeing,727 Combi,Boeing 727 Combi,727 Combi,,,Passenger,,In Service
72S,,Boeing,727-200 Adv.,Boeing 727-200 Adv.,727-200 Adv.,,,Passenger,,In Service
72W,B722,Boeing,727-200 (winglets),Boeing 727-200 (winglets),727-200 (winglets),,3J,Passenger,,In Service
72X,B721,Boeing,727-100 Freighter,Boeing 727-100 Freighter,727-100 Freighter,,3J,Passenger,,In Service
72Y,B722,Boeing,727-200 Freighter,Boeing 727-200 Freighter,727-200 Freighter,,3J,Passenger,,In Service
731,B731,Boeing,737-100,Boeing 737-100,737-100,,2J,Passenger,,In Service
732,B732,Boeing,737-200,Boeing 737-200,737-200,,2J,Passenger,M,In Service
733,B733,Boeing,737-300,Boeing 737-300,737-300,,2J,Passenger,M,In Service
734,B734,Boeing,737-400,Boeing 737-400,737-400,,2J,Passenger,M,In Service
735,B735,Boeing,737-500,Boeing 737-500,737-500,,2J,Passenger,M,In Service
736,B736,Boeing,737-600,Boeing 737-600,737-600,,2J,Passenger,M,In Service
737,,Boeing,737,Boeing 737,737,,,Passenger,M,In Service
738,B738,Boeing,737-800,Boeing 737-800,737-800,,2J,Passenger,M,In Service
739,B739,Boeing,737-900,Boeing 737-900,737-900,,2J,Passenger,M,In Service
73A,,Boeing,737-200 Advanced,Boeing 737-200 Advanced,737-200 Advanced,,,Passenger,,In Service
73C,B733,Boeing,737-300 (winglets),Boeing 737-300 (winglets),737-300 (winglets),,2J,Passenger,,In Service
73E,B735,Boeing,737-500 (winglets),Boeing 737-500 (winglets),737-500 (winglets),,2J,Passenger,,In Service
73F,,Boeing,737 Freighter,Boeing 737 Freighter,737 Freighter,,,Passenger,,In Service
73G,B737,Boeing,737-700,Boeing 737-700,737-700,,2J,Passenger,M,In Service
73H,B738,Boeing,737-800 (winglets),Boeing 737-800 (winglets),737-800 (winglets),,2J,Passenger,,In Service
73J,B739,Boeing,737-900 (winglets),Boeing 737-900 (winglets),737-900 (winglets),,2J,Passenger,,In Service
73L,B732,Boeing,737-200 Mixed Configuration,Boeing 737-200 Mixed Configuration,737-200 Mixed Configuration,,2J,Passenger,,In Service
73M,,Boeing,737-200 Combi,Boeing 737-200 Combi,737-200 Combi,,,Passenger,,In Service
73N,B733,Boeing,737-300 Mixed Configuration,Boeing 737-300 Mixed Configuration,737-300 Mixed Configuration,,2J,Passenger,,In Service
73P,B734,Boeing,737-400 Freighter,Boeing 737-400 Freighter,737-400 Freighter,,2J,Passenger,,In Service
73Q,B734,Boeing,737-400 Mixed Configuration,Boeing 737-400 Mixed Configuration,737-400 Mixed Configuration,,2J,Passenger,,In Service
73R,B737,Boeing,737-700 Mixed Configuration,Boeing 737-700 Mixed Configuration,737-700 Mixed Configuration,,2J,Passenger,,In Service
73S,B737,Boeing,737-200 Advanced,Boeing 737-200 Advanced,737-200 Advanced,,2J,Passenger,,In Service
73W,B737,Boeing,737-700 (winglets),Boeing 737-700 (winglets),737-700 (winglets),,2J,Passenger,,In Service
73X,B732,Boeing,737-200 Freighter,Boeing 737-200 Freighter,737-200 Freighter,,2J,Passenger,,In Service
73Y,B733,Boeing,737-300 Freighter,Boeing 737-300 Freighter,737-300 Freighter,,2J,Passenger,,In Service
73Z,,Boeing,737-400 Freighter,Boeing 737-400 Freighter,737-400 Freighter,,,Passenger,,In Service
741,B741,Boeing,747-100,Boeing 747-100,747-100,,4J,Passenger,H,In Service
742,B742,Boeing,747-200,Boeing 747-200,747-200,,4J,Passenger,H,In Service
743,B743,Boeing,747-300,Boeing 747-300,747-300,,4J,Passenger,H,In Service
744,B744,Boeing,747-400,Boeing 747-400,747-400,,4J,Passenger,H,In Service
747,,Boeing,747,Boeing 747,747,,,Passenger,H,In Service
748,B748,Boeing,747-8 pax,Boeing 747-8 pax,747-8 pax,,4J,Passenger,H,In Service
74B,B744,Boeing,747-400 Swingtail Freighter,Boeing 747-400 Swingtail Freighter,747-400 Swingtail Freighter,,4J,Passenger,,In Service
74C,B742,Boeing,747-200 Combi,Boeing 747-200 Combi,747-200 Combi,,4J,Passenger,,In Service
74D,B743,Boeing,747-300 Combi,Boeing 747-300 Combi,747-300 Combi,,4J,Passenger,,In Service
74E,B744,Boeing,747-400 Combi,Boeing 747-400 Combi,747-400 Combi,,4J,Passenger,,In Service
74F,,Boeing,747 Freighter,Boeing 747 Freighter,747 Freighter,,,Passenger,,In Service
74H,B748,Boeing,747-8i,Boeing 747-8i,747-8i,,4J,Passenger,,In Service
74J,B74D,Boeing,747-400 (Domestic),Boeing 747-400 (Domestic),747-400 (Domestic),,4J,Passenger,,In Service
74L,B74S,Boeing,747SP,Boeing 747SP,747SP,,4J,Passenger,,In Service
74M,,Boeing,747 Combi,Boeing 747 Combi,747 Combi,,,Passenger,,In Service
74N,B748,Boeing,747-8F,Boeing 747-8F,747-8F,,4J,Passenger,,In Service
74R,B74R,Boeing,747SR,Boeing 747SR,747SR,,4J,Passenger,,In Service
74T,B741,Boeing,747-100 Freighter,Boeing 747-100 Freighter,747-100 Freighter,,4J,Passenger,,In Service
74U,B743,Boeing,747-300 / 747-200 SUD Freighter,Boeing 747-300 / 747-200 SUD Freighter,747-300 / 747-200 SUD Freighter,,4J,Passenger,,In Service
74V,B74R,Boeing,747SR Freighter,Boeing 747SR Freighter,747SR Freighter,,4J,Passenger,,In Service
74X,B742,Boeing,747-200 Freighter,Boeing 747-200 Freighter,747-200 Freighter,,4J,Passenger,,In Service
74Y,B744,Boeing,747-400 Freighter,Boeing 747-400 Freighter,747-400 Freighter,,4J,Passenger,,In Service
752,B752,Boeing,757-200,Boeing 757-200,757-200,,2J,Passenger,H,In Service
753,B753,Boeing,757-300,Boeing 757-300,757-300,,2J,Passenger,H,In Service
757,,Boeing,757,Boeing 757,757,,,Passenger,H,In Service
75F,B752,Boeing,757 Freighter,Boeing 757 Freighter,757 Freighter,,2J,Passenger,,In Service
75M,B752,Boeing,757 Mixed,Boeing 757 Mixed,757 Mixed,,2J,Passenger,,In Service
75T,B753,Boeing,757-300 (winglets),Boeing 757-300 (winglets),757-300 (winglets),,2J,Passenger,,In Service
75W,B752,Boeing,757-200 (winglets),Boeing 757-200 (winglets),757-200 (winglets),,2J,Passenger,,In Service
762,B762,Boeing,767-200,Boeing 767-200,767-200,,2J,Passenger,H,In Service
763,B763,Boeing,767-300,Boeing 767-300,767-300,,2J,Passenger,H,In Service
764,B764,Boeing,767-400,Boeing 767-400,767-400,,2J,Passenger,H,In Service
767,,Boeing,767,Boeing 767,767,,,Passenger,H,In Service
76F,,Boeing,767 Freighter,Boeing 767 Freighter,767 Freighter,,,Passenger,,In Service
76V,B763,Boeing,767-300 (winglets) Freighter,Boeing 767-300 (winglets) Freighter,767-300 (winglets) Freighter,,2J,Passenger,,In Service
76W,B763,Boeing,767-300 (winglets),Boeing 767-300 (winglets),767-300 (winglets),,2J,Passenger,,In Service
76X,B762,Boeing,767-200 Freighter,Boeing 767-200 Freighter,767-200 Freighter,,2J,Passenger,,In Service
76Y,B763,Boeing,767-300 Freighter,Boeing 767-300 Freighter,767-300 Freighter,,2J,Passenger,,In Service
772,B77L,Boeing,777-200,Boeing 777-200,777-200,,2J,Passenger,H,In Service
773,B773,Boeing,777-300,Boeing 777-300,777-300,,2J,Passenger,H,In Service
777,,Boeing,777,Boeing 777,777,,,Passenger,H,In Service
77F,,Boeing,777 Freighter,Boeing 777 Freighter,777 Freighter,,,Passenger,,In Service
77L,B772,Boeing,777-200LR,Boeing 777-200LR,777-200LR,,2J,Passenger,H,In Service
77W,B77W,Boeing,777-300ER,Boeing 777-300ER,777-300ER,,2J,Passenger,H,In Service
77X,B772,Boeing,777-200F Freighter,Boeing 777-200F Freighter,777-200F Freighter,,2J,Passenger,,In Service
781,B78X,Boeing,787-10 pax,Boeing 787-10 pax,787-10 pax,,2J,Passenger,,In Service
783,B783,Boeing,787-3,Boeing 787-3,787-3,,2J,Passenger,,In Service
787,,Boeing,787,Boeing 787,787,,,Passenger,H,In Service
788,B788,Boeing,787-8,Boeing 787-8,787-8,,2J,Passenger,H,In Service
789,B789,Boeing,787-9,Boeing 787-9,787-9,,2J,Passenger,H,In Service
7M7,B37M,Boeing,737 MAX 7 pax,Boeing 737 MAX 7 pax,737 MAX 7 pax,,2J,Passenger,M,In Service
7M8,B38M,Boeing,737 MAX 8 pax,Boeing 737 MAX 8 pax,737 MAX 8 pax,,2J,Passenger,M,In Service
7M9,B39M,Boeing,737 MAX 9 pax,Boeing 737 MAX 9 pax,737 MAX 9 pax,,2J,Passenger,M,In Service
7MJ,B3XM,Boeing,737 MAX 10 pax,Boeing 737 MAX 10 pax,737 MAX 10 pax,,2J,Passenger,,In Service
A22,AN22,Antonov,An-22,Antonov An-22,An-22,,4T,Passenger,,In Service
A26,AN26,Antonow,/ Antonov An-26,Antonow / Antonov An-26,/ Antonov An-26,,2T,Passenger,,In Service
A28,AN28,Antonow,/ Antonov An-28 / PZL Mielec M-28,Antonow / Antonov An-28 / PZL Mielec M-28,/ Antonov An-28 / PZL Mielec M-28,,2T,Passenger,,In Service
A30,AN30,Antonow,/ Antonov An-30,Antonow / Antonov An-30,/ Antonov An-30,,2T,Passenger,,In Service
A32,AN32,Antonow,/ Antonov An-32,Antonow / Antonov An-32,/ Antonov An-32,,2T,Passenger,,In Service
A38,AN38,Antonov,An-38,Antonov An-38,An-38,,2T,Passenger,,In Service
A40,A140,Antonow,/ Antonov An-140,Antonow / Antonov An-140,/ Antonov An-140,,2T,Passenger,,In Service
A4F,A124,Antonow,/ Antonov An-124,Antonow / Antonov An-124,/ Antonov An-124,,4J,Passenger,,In Service
A58,ZZZZ,Antonov,An-158,Antonov An-158,An-158,,2J,Passenger,,In Service
A5F,A225,Antonov,An-225,Antonov An-225,An-225,,6J,Passenger,,In Service
A81,A148,Antonov,An-148-100,Antonov An-148-100,An-148-100,,2J,Passenger,,In Service
AB2,,Airbus,A300B2,Airbus A300B2,A300B2,,,Passenger,,In Service
AB3,,Airbus,A300,Airbus A300,A300,,,Passenger,H,In Service
AB4,A30B,Airbus,A300B2/B4/C4,Airbus A300B2/B4/C4,A300B2/B4/C4,,2J,Passenger,,In Service
AB6,A306,Airbus,A300-600,Airbus A300-600,A300-600,,2J,Passenger,H,In Service
ABB,A3ST,Airbus,A300-600ST Beluga,Airbus A300-600ST Beluga,A300-600ST Beluga,,2J,Passenger,H,In Service
ABF,,Airbus,A300F,Airbus A300F,A300F,,,Passenger,,In Service
ABM,,Airbus,A300-600 Mixed Configuration,Airbus A300-600 Mixed Configuration,A300-600 Mixed Configuration,,,Passenger,,In Service
ABX,A30B,Airbus,A300C4/F4 Freighter,Airbus A300C4/F4 Freighter,A300C4/F4 Freighter,,2J,Passenger,,In Service
ABY,A306,Airbus,A300-600F,Airbus A300-600F,A300-600F,,2J,Passenger,,In Service
ACD,,Rockwell,Commander/Turbo Commander,Rockwell Commander/Turbo Commander,Commander/Turbo Commander,,,Passenger,,In Service
ACP,*,Rockwell,Commander,Rockwell Commander,Commander,,2P,Passenger,,In Service
ACT,*,Rockwell,Turbo Commander,Rockwell Turbo Commander,Turbo Commander,,2T,Passenger,,In Service
AGH,A109,Agusta,/ AgustaWestland A-109,Agusta / AgustaWestland A-109,/ AgustaWestland A-109,,H,Passenger,,In Service
ALM,,Ayres,LM-200 Loadmaster,Ayres LM-200 Loadmaster,LM-200 Loadmaster,,,Passenger,,In Service
AMD,,Dassault,FALCON 10 / 20 / 50,Dassault FALCON 10 / 20 / 50,FALCON 10 / 20 / 50,,,Passenger,,In Service
AN2,,Antonov,An-2,Antonov An-2,An-2,,,Passenger,,In Service
AN4,AN24,Antonow,/ Antonov An-24,Antonow / Antonov An-24,/ Antonov An-24,,2T,Passenger,M,In Service
AN6,,Antonow,/ Antonov An-26 / An-30 / An-32,Antonow / Antonov An-26 / An-30 / An-32,/ Antonov An-26 / An-30 / An-32,,,Passenger,,In Service
AN7,AN72,Antonow,/ Antonov An-72 / An-74,Antonow / Antonov An-72 / An-74,/ Antonov An-72 / An-74,,2J,Passenger,,In Service
ANF,AN12,Antonow,/ Antonov An-12,Antonow / Antonov An-12,/ Antonov An-12,,4T,Passenger,M,In Service
APF,ZZZZ,BAe,ATP Freighter,BAe ATP Freighter,ATP Freighter,,2T,Passenger,,In Service
APH,*,Eurocopter,SA330 Puma / AS332 Super Puma,Eurocopter SA330 Puma / AS332 Super Puma,SA330 Puma / AS332 Super Puma,,H,Passenger,,In Service
AR1,RJ1H,BAe,Avro RJ100,BAe Avro RJ100,Avro RJ100,,4J,Passenger,M,In Service
AR7,RJ70,BAe,Avro RJ70,BAe Avro RJ70,Avro RJ70,,4J,Passenger,M,In Service
AR8,RJ85,BAe,Avro RJ85,BAe Avro RJ85,Avro RJ85,,4J,Passenger,M,In Service
ARJ,,BAe,Avro RJ70 / RJ85 / RJ100,BAe Avro RJ70 / RJ85 / RJ100,Avro RJ70 / RJ85 / RJ100,,,Passenger,,In Service
ARX,,Avro,RJX85 / RJX100,Avro RJX85 / RJX100,RJX85 / RJX100,,,Passenger,,In Service
AT4,AT43,ATR,ATR 42-300 / 320,ATR ATR 42-300 / 320,ATR 42-300 / 320,,2T,Passenger,M,In Service
AT5,AT45,ATR,ATR 42-500,ATR ATR 42-500,ATR 42-500,,2T,Passenger,M,In Service
AT7,AT72,ATR,ATR 72,ATR ATR 72,ATR 72,,2T,Passenger,M,In Service
ATD,AT44,ATR,ATR 42-400,ATR ATR 42-400,ATR 42-400,,2T,Passenger,,In Service
ATF,AT72,ATR,ATR 72 Freighter,ATR ATR 72 Freighter,ATR 72 Freighter,,2T,Passenger,,In Service
ATP,ATP,BAe,ATP,BAe ATP,ATP,,2T,Passenger,M,In Service
ATR,,ATR,ATR 42 / ATR 72,ATR ATR 42 / ATR 72,ATR 42 / ATR 72,,,Passenger,M,In Service
ATZ,*,ATR,ATR 42 Freighter,ATR ATR 42 Freighter,ATR 42 Freighter,,2T,Passenger,,In Service
AWH,A139,AgustaWestland,AW139,AgustaWestland AW139,AW139,,2T,Passenger,,In Service
AX1,RX1H,Avro,RJX100,Avro RJX100,RJX100,,,Passenger,,In Service
AX8,RX85,Avro,RJX85,Avro RJX85,RJX85,,,Passenger,,In Service
B11,,BAC,One Eleven,BAC One Eleven,One Eleven,,,Passenger,,In Service
B12,BA11,BAC,One Eleven 200,BAC One Eleven 200,One Eleven 200,,2J,Passenger,,In Service
B13,BA11,BAC,One Eleven 300,BAC One Eleven 300,One Eleven 300,,2J,Passenger,,In Service
B14,BA11,BAC,One Eleven 400/47,BAC One Eleven 400/47,One Eleven 400/47,,2J,Passenger,,In Service
B15,BA11,BAC,One Eleven 500,BAC One Eleven 500,One Eleven 500,,2J,Passenger,,In Service
B72,B720,Boeing,720B,Boeing 720B,720B,,4J,Passenger,,In Service
BE1,,Beechcraft,1900/1900C/1900D,Beechcraft 1900/1900C/1900D,1900/1900C/1900D,,,Passenger,,In Service
BE2,*,Beechcraft,Beech twin piston,Beechcraft Beech twin piston,Beech twin piston,,2P,Passenger,,In Service
BE4,BE40,Beechcraft,Beechcraft 400,Beechcraft Beechcraft 400,Beechcraft 400,,2J,Passenger,,In Service
BE9,BE99,Beechcraft,Beechcraft C99,Beechcraft Beechcraft C99,Beechcraft C99,,2T,Passenger,,In Service
BEC,,Beechcraft,Beech light aircraft,Beechcraft Beech light aircraft,Beech light aircraft,,,Passenger,,In Service
BEF,B190,Beechcraft,Beechcraft 1900 Freighter,Beechcraft Beechcraft 1900 Freighter,Beechcraft 1900 Freighter,,2T,Passenger,,In Service
BEH,B190,Beechcraft,1900D,Beechcraft 1900D,1900D,,2T,Passenger,L,In Service
BEP,*,Beechcraft,Beech singe piston,Beechcraft Beech singe piston,Beech singe piston,,1P,Passenger,,In Service
BES,B190,Beechcraft,1900/1900C,Beechcraft 1900/1900C,1900/1900C,,2T,Passenger,,In Service
BET,*,Beechcraft,Beech twin turboprop,Beechcraft Beech twin turboprop,Beech twin turboprop,,2T,Passenger,,In Service
BH2,*,Bell,Helicopter Bell Helicopters,Bell Helicopter Bell Helicopters,Helicopter Bell Helicopters,,H,Passenger,,In Service
BNI,BN2P,Britten,Norman BN-2A/B Islander,Britten Norman BN-2A/B Islander,Norman BN-2A/B Islander,,2P,Passenger,,In Service
BNT,TRIS,Britten,Norman BN-2A Mk III Trislander,Britten Norman BN-2A Mk III Trislander,Norman BN-2A Mk III Trislander,,3P,Passenger,,In Service
BTA,ZZZZ,Business,Turbo-Prop Aircraft,Business Turbo-Prop Aircraft,Turbo-Prop Aircraft,,2T,Passenger,,In Service
BUS,0000,Surface,Equipment Bus,Surface Equipment Bus,Equipment Bus,,S,Passenger,,In Service
C27,AJ27,Comac,ARJ21-700,Comac ARJ21-700,ARJ21-700,,2J,Passenger,,In Service
C9B,,Canadair,CRJ 900NG,Canadair CRJ 900NG,CRJ 900NG,,,Passenger,,In Service
CCJ,CL60,Canadair,Challenger,Canadair Challenger,Challenger,,2J,Passenger,M,In Service
CCX,GLEX,Bombardier,Global Express,Bombardier Global Express,Global Express,,2J,Passenger,M,In Service
CD2,NOMA,GAF,N22B / N24A Nomad,GAF N22B / N24A Nomad,N22B / N24A Nomad,,2T,Passenger,,In Service
CJ1,*,Cessna,500/501/525 Citation,Cessna 500/501/525 Citation,500/501/525 Citation,,2J,Passenger,,In Service
CJ2,*,Cessna,550/551/552 Citation,Cessna 550/551/552 Citation,550/551/552 Citation,,2J,Passenger,,In Service
CJ5,*,Cessna,560 Citation,Cessna 560 Citation,560 Citation,,2J,Passenger,,In Service
CJ6,*,Cessna,650 Citation,Cessna 650 Citation,650 Citation,,2J,Passenger,,In Service
CJ8,*,Cessna,680 Citation,Cessna 680 Citation,680 Citation,,2J,Passenger,,In Service
CJL,*,Cessna,560 XL/XLS Citation,Cessna 560 XL/XLS Citation,560 XL/XLS Citation,,2J,Passenger,,In Service
CJM,C510,Cessna,510 Mustang Citation,Cessna 510 Mustang Citation,510 Mustang Citation,,2J,Passenger,,In Service
CL3,CL30,Bombardier,Challenger 300,Bombardier Challenger 300,Challenger 300,,2J,Passenger,,In Service
CL4,,Canadair,CL-44,Canadair CL-44,CL-44,,,Passenger,,In Service
CN1,*,Cessna,Cessna single piston engine,Cessna Cessna single piston engine,Cessna single piston engine,,1P,Passenger,L,In Service
CN2,*,Cessna,Cessna twin piston engines,Cessna Cessna twin piston engines,Cessna twin piston engines,,2P,Passenger,,In Service
CN7,C750,Cessna,750 Citation X,Cessna 750 Citation X,750 Citation X,,2J,Passenger,,In Service
CNA,,Cessna,Cessna light aircraft,Cessna Cessna light aircraft,Cessna light aircraft,,,Passenger,,In Service
CNC,*,Cessna,Cessna single turboprop engine,Cessna Cessna single turboprop engine,Cessna single turboprop engine,,1T,Passenger,,In Service
CNF,*,Cessna,208B Freighter,Cessna 208B Freighter,208B Freighter,,2T,Passenger,,In Service
CNJ,*,Cessna,Citation,Cessna Citation,Citation,,2J,Passenger,L,In Service
CNT,*,Cessna,Cessna twin turboprop engines,Cessna Cessna twin turboprop engines,Cessna twin turboprop engines,,2T,Passenger,,In Service
CR1,CRJ1,Canadair,CRJ 100,Canadair CRJ 100,CRJ 100,,2J,Passenger,M,In Service
CR2,CRJ2,Canadair,CRJ 200,Canadair CRJ 200,CRJ 200,,2J,Passenger,M,In Service
CR7,CRJ7,Canadair,CRJ 700,Canadair CRJ 700,CRJ 700,,2J,Passenger,M,In Service
CR9,CRJ9,Canadair,CRJ 900,Canadair CRJ 900,CRJ 900,,2J,Passenger,M,In Service
CRA,CRJ9,Canadair,CRJ 705,Canadair CRJ 705,CRJ 705,,2J,Passenger,,In Service
CRF,ZZZZ,Canadair,CRJ Freighter,Canadair CRJ Freighter,CRJ Freighter,,2J,Passenger,,In Service
CRJ,,Canadair,CRJ,Canadair CRJ,CRJ,,,Passenger,,In Service
CRK,CRJX,Canadair,CRJ 1000,Canadair CRJ 1000,CRJ 1000,,2J,Passenger,M,In Service
CRV,,Sud-Est,SE.210 Caravelle,Sud-Est SE.210 Caravelle,SE.210 Caravelle,,,Passenger,M,In Service
CS1,ZZZZ,Bombardier,CSeries CS100,Bombardier CSeries CS100,CSeries CS100,,2J,Passenger,M,In Service
CS2,C212,CASA,212 Aviocar,CASA 212 Aviocar,212 Aviocar,,2T,Passenger,,In Service
CS3,ZZZZ,Bombardier,CS300,Bombardier CS300,CS300,,2J,Passenger,M,In Service
CS5,CN35,Airtech,CN-235,Airtech CN-235,CN-235,,2T,Passenger,,In Service
CV2,CVLP,Convair,CV-240,Convair CV-240,CV-240,,2P,Passenger,,In Service
CV4,CVLP,Convair,CV-440 Metropolitan,Convair CV-440 Metropolitan,CV-440 Metropolitan,,2P,Passenger,,In Service
CV5,CVLT,Convair,CV-580,Convair CV-580,CV-580,,2T,Passenger,,In Service
CV6,,Convair,CV-600/640,Convair CV-600/640,CV-600/640,,,Passenger,,In Service
CVF,,Convair,CV-240 / 440 / 580 / 600 / 640 Freighter,Convair CV-240 / 440 / 580 / 600 / 640 Freighter,CV-240 / 440 / 580 / 600 / 640 Freighter,,,Passenger,,In Service
CVR,,Convair,CV-240 / 440 / 580 / 600 / 640,Convair CV-240 / 440 / 580 / 600 / 640,CV-240 / 440 / 580 / 600 / 640,,,Passenger,,In Service
CVV,CVLP,Convair,CV-240 Freighter,Convair CV-240 Freighter,CV-240 Freighter,,2P,Passenger,,In Service
CVX,CVLP,Convair,CV-440 Freighter,Convair CV-440 Freighter,CV-440 Freighter,,2P,Passenger,,In Service
CVY,CVLT,Convair,CV-580 / 600 / 640 Freighter,Convair CV-580 / 600 / 640 Freighter,CV-580 / 600 / 640 Freighter,,2T,Passenger,,In Service
CWC,C46,Curtiss,C-46 Commando,Curtiss C-46 Commando,C-46 Commando,,2P,Passenger,,In Service
D10,,McDonnell,Douglas DC-10,McDonnell Douglas DC-10,Douglas DC-10,,,Passenger,H,In Service
D11,DC10,McDonnell,Douglas DC-10-10/15,McDonnell Douglas DC-10-10/15,Douglas DC-10-10/15,,3J,Passenger,,In Service
D14,,McDonnell,Douglas DC-10-40,McDonnell Douglas DC-10-40,Douglas DC-10-40,,,Passenger,,In Service
D1C,DC10,McDonnell,Douglas DC-10-30/40,McDonnell Douglas DC-10-30/40,Douglas DC-10-30/40,,3J,Passenger,,In Service
D1F,,McDonnell,Douglas DC-10 Freighter,McDonnell Douglas DC-10 Freighter,Douglas DC-10 Freighter,,,Passenger,,In Service
D1M,DC10,McDonnell,Douglas DC-10 Combi,McDonnell Douglas DC-10 Combi,Douglas DC-10 Combi,,3J,Passenger,,In Service
D1X,DC10,McDonnell,Douglas DC-10-10 Freighter,McDonnell Douglas DC-10-10 Freighter,Douglas DC-10-10 Freighter,,3J,Passenger,,In Service
D1Y,DC10,McDonnell,Douglas DC-10-30 / 40 Freighter,McDonnell Douglas DC-10-30 / 40 Freighter,Douglas DC-10-30 / 40 Freighter,,3J,Passenger,,In Service
D20,F2TH,Dassault,Falcon 2000/2000DX,Dassault Falcon 2000/2000DX,Falcon 2000/2000DX,,2J,Passenger,M,In Service
D28,D228,Dornier,Do 228,Dornier Do 228,Do 228,,2T,Passenger,L,In Service
D2L,F2TH,Dassault,Falcon 2000EX/EASY/LX,Dassault Falcon 2000EX/EASY/LX,Falcon 2000EX/EASY/LX,,2J,Passenger,,In Service
D38,D328,Dornier,Do 328,Dornier Do 328,Do 328,,2T,Passenger,M,In Service
D3F,DC3,Douglas,DC-3 Freighter,Douglas DC-3 Freighter,DC-3 Freighter,,2P,Passenger,L,In Service
D42,DA42,Diamond,Aircraft DA42 Twin Star,Diamond Aircraft DA42 Twin Star,Aircraft DA42 Twin Star,,2P,Passenger,,In Service
D4X,DH8D,De,Havilland Canada-Bombardier DHC-8-400 Dash 8Q Freighter,De Havilland Canada-Bombardier DHC-8-400 Dash 8Q Freighter,Havilland Canada-Bombardier DHC-8-400 Dash 8Q Freighter,,2T,Passenger,,In Service
D6F,DC6,Douglas,DC-6A/B/C Freighter,Douglas DC-6A/B/C Freighter,DC-6A/B/C Freighter,,4P,Passenger,,In Service
D85,,Douglas,DC-8-50,Douglas DC-8-50,DC-8-50,,,Passenger,,In Service
D86,,Douglas,DC-8-61,Douglas DC-8-61,DC-8-61,,,Passenger,,In Service
D87,,Douglas,DC-8-71,Douglas DC-8-71,DC-8-71,,,Passenger,,In Service
D8A,,Douglas,DC-8-63,Douglas DC-8-63,DC-8-63,,,Passenger,,In Service
D8B,,Douglas,DC-8-73,Douglas DC-8-73,DC-8-73,,,Passenger,,In Service
D8F,,Douglas,DC-8 Freighter,Douglas DC-8 Freighter,DC-8 Freighter,,,Passenger,,In Service
D8L,DC86,Douglas,DC-8-62,Douglas DC-8-62,DC-8-62,,4J,Passenger,,In Service
D8M,DC86,Douglas,DC-8 Combi,Douglas DC-8 Combi,DC-8 Combi,,4J,Passenger,,In Service
D8Q,DC87,Douglas,DC-8-72,Douglas DC-8-72,DC-8-72,,4J,Passenger,,In Service
D8T,DC85,Douglas,DC-8-50 Freighter,Douglas DC-8-50 Freighter,DC-8-50 Freighter,,4J,Passenger,,In Service
D8X,DC86,Douglas,DC-8-61 / 62 / 63 Freighter,Douglas DC-8-61 / 62 / 63 Freighter,DC-8-61 / 62 / 63 Freighter,,4J,Passenger,,In Service
D8Y,DC87,Douglas,DC-8-71 / 72 / 73 Freighter,Douglas DC-8-71 / 72 / 73 Freighter,DC-8-71 / 72 / 73 Freighter,,4J,Passenger,,In Service
D91,DC91,Douglas,DC-9-10,Douglas DC-9-10,DC-9-10,,2J,Passenger,,In Service
D92,DC92,Douglas,DC-9-20,Douglas DC-9-20,DC-9-20,,2J,Passenger,,In Service
D93,DC93,Douglas,DC-9-30,Douglas DC-9-30,DC-9-30,,2J,Passenger,,In Service
D94,DC94,Douglas,DC-9-40,Douglas DC-9-40,DC-9-40,,2J,Passenger,,In Service
D95,DC95,Douglas,DC-9-50,Douglas DC-9-50,DC-9-50,,2J,Passenger,,In Service
D9C,DC93,Douglas,DC-9-30 Freighter,Douglas DC-9-30 Freighter,DC-9-30 Freighter,,2J,Passenger,,In Service
D9D,DC94,Douglas,DC-9-40 Freighter,Douglas DC-9-40 Freighter,DC-9-40 Freighter,,2J,Passenger,,In Service
D9F,,Douglas,DC-9 Freighter,Douglas DC-9 Freighter,DC-9 Freighter,,,Passenger,,In Service
D9L,F900,Dassault,Falcon 900LX,Dassault Falcon 900LX,Falcon 900LX,,3J,Passenger,,In Service
D9X,DC91,Douglas,DC-9-10 Freighter,Douglas DC-9-10 Freighter,DC-9-10 Freighter,,2J,Passenger,,In Service
DC3,DC3,Douglas,DC-3,Douglas DC-3,DC-3,,2P,Passenger,,In Service
DC4,DC4,Douglas,DC-4,Douglas DC-4,DC-4,,4P,Passenger,,In Service
DC6,DC6,Douglas,DC6A/B,Douglas DC6A/B,DC6A/B,,4P,Passenger,,In Service
DC8,,Douglas,DC-8,Douglas DC-8,DC-8,,,Passenger,,In Service
DC9,,Douglas,DC-9,Douglas DC-9,DC-9,,,Passenger,,In Service
DF1,FA10,Dassault,Falcon 10/100,Dassault Falcon 10/100,Falcon 10/100,,2J,Passenger,,In Service
DF2,FA20,Dassault,Falcon 10 / 100 / 20 / 200 / 2000,Dassault Falcon 10 / 100 / 20 / 200 / 2000,Falcon 10 / 100 / 20 / 200 / 2000,,2J,Passenger,,In Service
DF3,,Dassault,Falcon 50 / 900,Dassault Falcon 50 / 900,Falcon 50 / 900,,,Passenger,,In Service
DF5,FA50,Dassault,Falcon 50/50EX,Dassault Falcon 50/50EX,Falcon 50/50EX,,3J,Passenger,,In Service
DF7,FA7X,Dassault,Falcon 7X,Dassault Falcon 7X,Falcon 7X,,3J,Passenger,,In Service
DF9,F900,Dassault,Falcon 900/900B/900C/900DX/900EX/EASY,Dassault Falcon 900/900B/900C/900DX/900EX/EASY,Falcon 900/900B/900C/900DX/900EX/EASY,,3J,Passenger,,In Service
DFL,,Dassault,Falcon,Dassault Falcon,Falcon,,,Passenger,,In Service
DH1,DH8A,De,Havilland Canada-Bombardier DHC-8-100 Dash 8 / 8Q,De Havilland Canada-Bombardier DHC-8-100 Dash 8 / 8Q,Havilland Canada-Bombardier DHC-8-100 Dash 8 / 8Q,,2T,Passenger,M,In Service
DH2,DH8B,De,Havilland Canada-Bombardier DHC-8-200 Dash 8 / 8Q,De Havilland Canada-Bombardier DHC-8-200 Dash 8 / 8Q,Havilland Canada-Bombardier DHC-8-200 Dash 8 / 8Q,,2T,Passenger,M,In Service
DH3,DH8C,De,Havilland Canada-Bombardier DHC-8-300 Dash 8 / 8Q,De Havilland Canada-Bombardier DHC-8-300 Dash 8 / 8Q,Havilland Canada-Bombardier DHC-8-300 Dash 8 / 8Q,,2T,Passenger,M,In Service
DH4,DH8D,De,Havilland Canada-Bombardier DHC-8-400 Dash 8Q,De Havilland Canada-Bombardier DHC-8-400 Dash 8Q,Havilland Canada-Bombardier DHC-8-400 Dash 8Q,,2T,Passenger,M,In Service
DH7,DHC7,De,Havilland Canada DHC-7 Dash 7,De Havilland Canada DHC-7 Dash 7,Havilland Canada DHC-7 Dash 7,,4T,Passenger,M,In Service
DH8,,De,Havilland Canada-Bombardier DHC-8 Dash 8,De Havilland Canada-Bombardier DHC-8 Dash 8,Havilland Canada-Bombardier DHC-8 Dash 8,,,Passenger,,In Service
DHB,,De,Havilland Canada DHC-2 Beaver / Turbo Beaver,De Havilland Canada DHC-2 Beaver / Turbo Beaver,Havilland Canada DHC-2 Beaver / Turbo Beaver,,,Passenger,,In Service
DHC,DHC4,De,Havilland Canada DHC-4 Caribou,De Havilland Canada DHC-4 Caribou,Havilland Canada DHC-4 Caribou,,2P,Passenger,L,In Service
DHD,DOVE,De,Havilland DH.104 Dove,De Havilland DH.104 Dove,Havilland DH.104 Dove,,2P,Passenger,,In Service
DHF,0000,De,Havilland-Bombardier DHC-8 Freighter,De Havilland-Bombardier DHC-8 Freighter,Havilland-Bombardier DHC-8 Freighter,,00,Passenger,,In Service
DHH,HERN,De,Havilland DH.114 Heron,De Havilland DH.114 Heron,Havilland DH.114 Heron,,4P,Passenger,,In Service
DHL,DH3T,De,Havilland Canada DHC-3 Turbo Otter,De Havilland Canada DHC-3 Turbo Otter,Havilland Canada DHC-3 Turbo Otter,,1T,Passenger,,In Service
DHO,,De,Havilland Canada DHC-3 Otter / Turbo Otter,De Havilland Canada DHC-3 Otter / Turbo Otter,Havilland Canada DHC-3 Otter / Turbo Otter,,,Passenger,,In Service
DHP,DHC2,De,Havilland Canada DHC-2 Beaver,De Havilland Canada DHC-2 Beaver,Havilland Canada DHC-2 Beaver,,1P,Passenger,,In Service
DHR,DH2T,De,Havilland Canada DHC-2 Turbo-Beaver,De Havilland Canada DHC-2 Turbo-Beaver,Havilland Canada DHC-2 Turbo-Beaver,,1T,Passenger,,In Service
DHS,DHC3,De,Havilland Canada DHC-3 Otter,De Havilland Canada DHC-3 Otter,Havilland Canada DHC-3 Otter,,1P,Passenger,,In Service
DHT,DHC6,De,Havilland Canada DHC-6 Twin Otter,De Havilland Canada DHC-6 Twin Otter,Havilland Canada DHC-6 Twin Otter,,2T,Passenger,L,In Service
E70,E170,Embraer,EMB 170 / EMB 175,Embraer EMB 170 / EMB 175,EMB 170 / EMB 175,,2J,Passenger,M,In Service
E75,E170,Embraer,EMB 175,Embraer EMB 175,EMB 175,,2J,Passenger,M,In Service
E90,E190,Embraer,EMB 190 / EMB 195,Embraer EMB 190 / EMB 195,EMB 190 / EMB 195,,2J,Passenger,M,In Service
E95,E190,Embraer,EMB 195,Embraer EMB 195,EMB 195,,2J,Passenger,M,In Service
EA5,EA50,Eclipse,Eclipse 500,Eclipse Eclipse 500,Eclipse 500,,2J,Passenger,,In Service
EC3,EC30,Eurocopter,EC130,Eurocopter EC130,EC130,,H,Passenger,,In Service
EM2,E120,Embraer,EMB 120 Brasilia,Embraer EMB 120 Brasilia,EMB 120 Brasilia,,2T,Passenger,M,In Service
EMB,E110,Embraer,EMB 110 Bandeirante,Embraer EMB 110 Bandeirante,EMB 110 Bandeirante,,2T,Passenger,L,In Service
EMJ,,Embraer,EMB 170 / EMB 190,Embraer EMB 170 / EMB 190,EMB 170 / EMB 190,,,Passenger,,In Service
EP1,E50P,Embraer,EMB-500 Phenom 100,Embraer EMB-500 Phenom 100,EMB-500 Phenom 100,,2J,Passenger,,In Service
EP3,E55P,Embraer,EMB-505 Phenom 300,Embraer EMB-505 Phenom 300,EMB-505 Phenom 300,,2J,Passenger,,In Service
ER3,E135,Embraer,ERJ 135,Embraer ERJ 135,ERJ 135,,2J,Passenger,,In Service
ER4,E145,Embraer,ERJ 145,Embraer ERJ 145,ERJ 145,,2J,Passenger,M,In Service
ERD,E135,Embraer,ERJ 140,Embraer ERJ 140,ERJ 140,,2J,Passenger,,In Service
ERJ,,Embraer,ERJ 135 / ERJ 140 / ERJ 145,Embraer ERJ 135 / ERJ 140 / ERJ 145,ERJ 135 / ERJ 140 / ERJ 145,,,Passenger,,In Service
F21,F28,Fokker,F28 Fellowship 1000,Fokker F28 Fellowship 1000,F28 Fellowship 1000,,2J,Passenger,M,In Service
F22,F28,Fokker,F28 Fellowship 2000,Fokker F28 Fellowship 2000,F28 Fellowship 2000,,2J,Passenger,,In Service
F23,F28,Fokker,F28 Fellowship 3000,Fokker F28 Fellowship 3000,F28 Fellowship 3000,,2J,Passenger,,In Service
F24,F28,Fokker,F28 Fellowship 4000,Fokker F28 Fellowship 4000,F28 Fellowship 4000,,2J,Passenger,,In Service
F27,F27,Fokker,F27 Friendship,Fokker F27 Friendship,F27 Friendship,,2T,Passenger,M,In Service
F28,,Fokker,F28 Fellowship,Fokker F28 Fellowship,F28 Fellowship,,,Passenger,,In Service
F50,F50,Fokker,50,Fokker 50,50,,2T,Passenger,M,In Service
F5F,F50,Fokker,50 Freighter,Fokker 50 Freighter,50 Freighter,,2T,Passenger,,In Service
F70,F70,Fokker,70,Fokker 70,70,,2J,Passenger,M,In Service
FA7,,Dornier,728JET,Dornier 728JET,728JET,,,Passenger,,In Service
FK7,F27,Fairchild-Hiller,FH-227,Fairchild-Hiller FH-227,FH-227,,2T,Passenger,,In Service
FR3,,Dornier,328JET,Dornier 328JET,328JET,,,Passenger,,In Service
FR4,,Dornier,428JET,Dornier 428JET,428JET,,,Passenger,,In Service
FRJ,J328,Dornier,328JET,Dornier 328JET,328JET,,2J,Passenger,M,In Service
GA8,GA8,GippsAero,GA8 Airvan,GippsAero GA8 Airvan,GA8 Airvan,,1P,Passenger,,In Service
GR1,G150,Gulfstream,G-100/G-150,Gulfstream G-100/G-150,G-100/G-150,,2J,Passenger,,In Service
GR2,GALX,Gulfstream,G-200 (Galaxy),Gulfstream G-200 (Galaxy),G-200 (Galaxy),,2J,Passenger,,In Service
GR3,G250,Gulfstream,G-250,Gulfstream G-250,G-250,,2J,Passenger,,In Service
GRG,G21,Grumman,G-21 Goose,Grumman G-21 Goose,G-21 Goose,,2P,Passenger,,In Service
GRJ,*,Gulfstream,G-1159 Gulfstream II / III / IV / V,Gulfstream G-1159 Gulfstream II / III / IV / V,G-1159 Gulfstream II / III / IV / V,,2J,Passenger,,In Service
GRM,G73T,Gulfstream,G-73 Turbo Mallard,Gulfstream G-73 Turbo Mallard,G-73 Turbo Mallard,,2T,Passenger,,In Service
GRS,G159,Gulfstream,G-159 Gulfstream I,Gulfstream G-159 Gulfstream I,G-159 Gulfstream I,,2T,Passenger,,In Service
H20,ZZZZ,Hawker-Beechcraft,Hawker 200,Hawker-Beechcraft Hawker 200,Hawker 200,,2J,Passenger,,In Service
H21,H25C,Hawker-Beechcraft,Hawker 1000,Hawker-Beechcraft Hawker 1000,Hawker 1000,,2J,Passenger,,In Service
H24,HA4T,Hawker-Beechcraft,Hawker 4000,Hawker-Beechcraft Hawker 4000,Hawker 4000,,2J,Passenger,,In Service
H25,H25B,Hawker-Siddeley,HS.125,Hawker-Siddeley HS.125,HS.125,,2J,Passenger,M,In Service
H28,H25B,Hawker-Beechcraft,Hawker 850XP/900,Hawker-Beechcraft Hawker 850XP/900,Hawker 850XP/900,,2J,Passenger,,In Service
H29,H25B,Hawker-Beechcraft,Hawker 900XP,Hawker-Beechcraft Hawker 900XP,Hawker 900XP,,2J,Passenger,,In Service
HEC,COUR,Helio,H-250 Courier / H-295 / 385 Super Courie,Helio H-250 Courier / H-295 / 385 Super Courie,H-250 Courier / H-295 / 385 Super Courie,,1P,Passenger,,In Service
HOV,0000,Surface,Equipment-Hovercraft,Surface Equipment-Hovercraft,Equipment-Hovercraft,,S,Passenger,,In Service
HS7,A748,BAe,HS.748,BAe HS.748,HS.748,,2T,Passenger,M,In Service
I14,I114,Ilyushin,IL-114,Ilyushin IL-114,IL-114,,2T,Passenger,,In Service
I93,,Ilyushin,IL-96-300,Ilyushin IL-96-300,IL-96-300,,,Passenger,H,In Service
I9F,IL96,Ilyushin,IL-96 Freighter,Ilyushin IL-96 Freighter,IL-96 Freighter,,4J,Passenger,,In Service
I9M,,Ilyushin,IL-96M,Ilyushin IL-96M,IL-96M,,,Passenger,,In Service
I9X,,Ilyushin,IL-96-300 Freighter,Ilyushin IL-96-300 Freighter,IL-96-300 Freighter,,,Passenger,,In Service
I9Y,,Ilyushin,IL-96T Freighter,Ilyushin IL-96T Freighter,IL-96T Freighter,,,Passenger,,In Service
IL6,IL62,Ilyushin,IL-62,Ilyushin IL-62,IL-62,,4J,Passenger,H,In Service
IL7,IL76,Ilyushin,IL-76,Ilyushin IL-76,IL-76,,4J,Passenger,H,In Service
IL8,IL18,Ilyushin,IL-18,Ilyushin IL-18,IL-18,,4T,Passenger,,In Service
IL9,IL96,Ilyushin,IL-96,Ilyushin IL-96,IL-96,,4J,Passenger,,In Service
ILW,IL86,Ilyushin,IL-86,Ilyushin IL-86,IL-86,,4J,Passenger,H,In Service
J31,JS31,BAe,Jetstream 31,BAe Jetstream 31,Jetstream 31,,2T,Passenger,L,In Service
J32,JS32,BAe,Jetstream 32,BAe Jetstream 32,Jetstream 32,,2T,Passenger,L,In Service
J41,JS41,BAe,Jetstream 41,BAe Jetstream 41,Jetstream 41,,2T,Passenger,M,In Service
JST,,BAe,Jetstream 31 / 32 / 41,BAe Jetstream 31 / 32 / 41,Jetstream 31 / 32 / 41,,,Passenger,,In Service
JU5,JU52,Junkers,Ju 52/3M,Junkers Ju 52/3M,Ju 52/3M,,3P,Passenger,,In Service
L10,,Lockheed,L-1011 Tristar,Lockheed L-1011 Tristar,L-1011 Tristar,,,Passenger,H,In Service
L11,L101,Lockheed,L-1011 1 / 50 / 100 / 150 / 200 / 250 Tr,Lockheed L-1011 1 / 50 / 100 / 150 / 200 / 250 Tr,L-1011 1 / 50 / 100 / 150 / 200 / 250 Tr,,3J,Passenger,,In Service
L15,L101,Lockheed,L-1011 500 Tristar,Lockheed L-1011 500 Tristar,L-1011 500 Tristar,,3J,Passenger,,In Service
L1F,L101,Lockheed,L-1011 Tristar Freighter,Lockheed L-1011 Tristar Freighter,L-1011 Tristar Freighter,,3J,Passenger,,In Service
L49,,Lockheed,L-1049 Super Constellation,Lockheed L-1049 Super Constellation,L-1049 Super Constellation,,,Passenger,,In Service
L4F,L410,Aircraft,Industries (LET) L-410 Freighter,Aircraft Industries (LET) L-410 Freighter,Industries (LET) L-410 Freighter,,2T,Passenger,,In Service
L4T,L410,LET,L-410,LET L-410,L-410,,2T,Passenger,,In Service
LCH,0000,Surface,Equipment Launch/Boat,Surface Equipment Launch/Boat,Equipment Launch/Boat,,S,Passenger,,In Service
LJA,ZZZZ,Light,Jet Aircraft,Light Jet Aircraft,Jet Aircraft,,2J,Passenger,,In Service
LMO,0000,Surface,Equipment Limousine,Surface Equipment Limousine,Equipment Limousine,,S,Passenger,,In Service
LOE,L188,Lockheed,L-188 Electra,Lockheed L-188 Electra,L-188 Electra,,4T,Passenger,,In Service
LOF,L188,Lockheed,L-188 Electra Freighter,Lockheed L-188 Electra Freighter,L-188 Electra Freighter,,4T,Passenger,,In Service
LOH,C130,Lockheed,L-182 / 282 / 382 (L-100) Hercules,Lockheed L-182 / 282 / 382 (L-100) Hercules,L-182 / 282 / 382 (L-100) Hercules,,4T,Passenger,H,In Service
LOM,,Lockheed,L-188 Electra Mixed,Lockheed L-188 Electra Mixed,L-188 Electra Mixed,,,Passenger,,In Service
LRJ,*,Learjet,Gates Learjet,Learjet Gates Learjet,Gates Learjet,,2J,Passenger,L,In Service
M11,MD11,McDonnell,Douglas MD-11,McDonnell Douglas MD-11,Douglas MD-11,,3J,Passenger,H,In Service
M1F,MD11,McDonnell,Douglas MD-11 Freighter,McDonnell Douglas MD-11 Freighter,Douglas MD-11 Freighter,,3J,Passenger,,In Service
M1M,MD11,McDonnell,Douglas MD-11 Mixed,McDonnell Douglas MD-11 Mixed,Douglas MD-11 Mixed,,3J,Passenger,,In Service
M2F,MD82,McDonnell,Douglas MD82 Freighter,McDonnell Douglas MD82 Freighter,Douglas MD82 Freighter,,2J,Passenger,,In Service
M3F,MD83,McDonnell,Douglas MD83 Freighter,McDonnell Douglas MD83 Freighter,Douglas MD83 Freighter,,2J,Passenger,,In Service
M80,,McDonnell,Douglas MD-80,McDonnell Douglas MD-80,Douglas MD-80,,,Passenger,,In Service
M81,MD81,McDonnell,Douglas MD-81,McDonnell Douglas MD-81,Douglas MD-81,,2J,Passenger,M,In Service
M82,MD82,McDonnell,Douglas MD-82,McDonnell Douglas MD-82,Douglas MD-82,,2J,Passenger,M,In Service
M83,MD83,McDonnell,Douglas MD-83,McDonnell Douglas MD-83,Douglas MD-83,,2J,Passenger,M,In Service
M87,MD87,McDonnell,Douglas MD-87,McDonnell Douglas MD-87,Douglas MD-87,,2J,Passenger,,In Service
M88,MD88,McDonnell,Douglas MD-88,McDonnell Douglas MD-88,Douglas MD-88,,2J,Passenger,M,In Service
M8F,MD88,McDonnell,Douglas MD88 Freighter,McDonnell Douglas MD88 Freighter,Douglas MD88 Freighter,,2J,Passenger,,In Service
M90,MD90,McDonnell,Douglas MD-90,McDonnell Douglas MD-90,Douglas MD-90,,2J,Passenger,M,In Service
M95,,McDonnell,Douglas MD-95,McDonnell Douglas MD-95,Douglas MD-95,,,Passenger,,In Service
MA6,AN24,Xian,MA-60,Xian MA-60,MA-60,,2T,Passenger,,In Service
MBH,B105,MBB,Bo 105,MBB Bo 105,Bo 105,,H,Passenger,,In Service
MD9,EXPL,MD,Helicopters MD900 Explorer,MD Helicopters MD900 Explorer,Helicopters MD900 Explorer,,H,Passenger,,In Service
MIH,MI8,Mil,Mi-8 / Mi-17 / Mi-171 / Mil-172,Mil Mi-8 / Mi-17 / Mi-171 / Mil-172,Mi-8 / Mi-17 / Mi-171 / Mil-172,,H,Passenger,,In Service
MU2,MU2,Mitsubishi,Mu-2,Mitsubishi Mu-2,Mu-2,,2T,Passenger,,In Service
ND2,,Nord,/ SNCAN N.262,Nord / SNCAN N.262,/ SNCAN N.262,,,Passenger,L,In Service
NDC,S601,Aerospatiale,/ SNIAS SN.601 Corvette,Aerospatiale / SNIAS SN.601 Corvette,/ SNIAS SN.601 Corvette,,2J,Passenger,,In Service
NDE,*,Eurocopter,AS350 Ecureuil / AS355 Ecureuil 2,Eurocopter AS350 Ecureuil / AS355 Ecureuil 2,AS350 Ecureuil / AS355 Ecureuil 2,,H,Passenger,,In Service
NDH,*,Eurocopter,SA365C / SA365N Dauphin 2,Eurocopter SA365C / SA365N Dauphin 2,SA365C / SA365N Dauphin 2,,H,Passenger,,In Service
P18,P180,Piaggio,Aero P180 Avanti II,Piaggio Aero P180 Avanti II,Aero P180 Avanti II,,2T,Passenger,,In Service
PA1,*,Piper,Piper single piston engine,Piper Piper single piston engine,Piper single piston engine,,1P,Passenger,,In Service
PA2,*,Piper,Piper twin piston engines,Piper Piper twin piston engines,Piper twin piston engines,,2P,Passenger,L,In Service
PAG,,Piper,Piper light aircraft,Piper Piper light aircraft,Piper light aircraft,,,Passenger,,In Service
PAT,*,Piper,Piper twin turboprop engines,Piper Piper twin turboprop engines,Piper twin turboprop engines,,2T,Passenger,,In Service
PL2,PC12,Pilatus,PC-12,Pilatus PC-12,PC-12,,1T,Passenger,L,In Service
PL6,PC6T,Pilatus,PC-6 Turbo Porter,Pilatus PC-6 Turbo Porter,PC-6 Turbo Porter,,1T,Passenger,,In Service
PN6,P68,Partenavia,P.68,Partenavia P.68,P.68,,2P,Passenger,,In Service
PRI,PRM1,Hawker-Beechcraft,Hawker 390 Premier 1/1A,Hawker-Beechcraft Hawker 390 Premier 1/1A,Hawker 390 Premier 1/1A,,2J,Passenger,,In Service
RFS,0000,Surface,Equipment-Road Feeder Service (Truck),Surface Equipment-Road Feeder Service (Truck),Equipment-Road Feeder Service (Truck),,S,Passenger,,In Service
S20,SB20,Saab,2000,Saab 2000,2000,,2T,Passenger,M,In Service
S58,S58T,Sikorsky,S-58T,Sikorsky S-58T,S-58T,,H,Passenger,,In Service
S61,S61,Sikorsky,S-61,Sikorsky S-61,S-61,,H,Passenger,M,In Service
S76,S76,Sikorsky,S-76,Sikorsky S-76,S-76,,H,Passenger,L,In Service
SF3,SF34,Saab,SF340A/B,Saab SF340A/B,SF340A/B,,2T,Passenger,M,In Service
SFB,SF34,Saab,SF340B,Saab SF340B,SF340B,,2T,Passenger,,In Service
SFF,SF34,Saab,SF340 Freighter,Saab SF340 Freighter,SF340 Freighter,,2T,Passenger,,In Service
SH3,SH33,Shorts,SD.330,Shorts SD.330,SD.330,,2T,Passenger,L,In Service
SH6,SH36,Shorts,SD.360,Shorts SD.360,SD.360,,2T,Passenger,L,In Service
SHB,,Shorts,SC-5 Belfast,Shorts SC-5 Belfast,SC-5 Belfast,,,Passenger,,In Service
SHS,SC7,Shorts,SC-7 Skyvan,Shorts SC-7 Skyvan,SC-7 Skyvan,,2T,Passenger,,In Service
SSC,,Aerospatiale,/ SNIAS Concorde,Aerospatiale / SNIAS Concorde,/ SNIAS Concorde,,,Passenger,H,In Service
SU1,,Sukhoi,Superjet 100,Sukhoi Superjet 100,Superjet 100,,,Passenger,,In Service
SU7,ZZZZ,Sukhoi,Superjet 100-75,Sukhoi Superjet 100-75,Superjet 100-75,,2J,Passenger,,In Service
SU9,SU95,Sukhoi,Superjet 100-95,Sukhoi Superjet 100-95,Superjet 100-95,,2J,Passenger,M,In Service
SWF,*,Fairchild-Swearingen,SA226 Freighter,Fairchild-Swearingen SA226 Freighter,SA226 Freighter,,2T,Passenger,,In Service
SWM,*,Fairchild-Swearingen,SA26 / SA226 / SA227 Metro / Merlin,Fairchild-Swearingen SA26 / SA226 / SA227 Metro / Merlin,SA26 / SA226 / SA227 Metro / Merlin,,2T,Passenger,,In Service
SY8,AN12,Shaanxi,Y-8,Shaanxi Y-8,Y-8,,4T,Passenger,,In Service
T20,T204,Tupolev,Tu-204 / Tu-214,Tupolev Tu-204 / Tu-214,Tu-204 / Tu-214,,2J,Passenger,H,In Service
T2F,T204,Tupolev,Tu-204 Freighter,Tupolev Tu-204 Freighter,Tu-204 Freighter,,2J,Passenger,,In Service
T34,T334,Tupolev,Tu-334,Tupolev Tu-334,Tu-334,,2J,Passenger,,In Service
TBM,TBM7,DAHER-SOCATA,TBM-700,DAHER-SOCATA TBM-700,TBM-700,,1T,Passenger,,In Service
TRN,0000,Surface,Equipment Train,Surface Equipment Train,Equipment Train,,S,Passenger,,In Service
TU3,T134,Tupolev,Tu-134,Tupolev Tu-134,Tu-134,,2J,Passenger,M,In Service
TU5,T154,Tupolev,Tu-154,Tupolev Tu-154,Tu-154,,3J,Passenger,H,In Service
VCV,,Vickers,Viscount,Vickers Viscount,Viscount,,,Passenger,,In Service
VCX,,Vickers,VC-10,Vickers VC-10,VC-10,,,Passenger,,In Service
WWP,WW24,IAI,1124 Westwind,IAI 1124 Westwind,1124 Westwind,,2J,Passenger,,In Service
YK2,YK42,Yakovlev,/ Jakovlev Yak 42,Yakovlev / Jakovlev Yak 42,/ Jakovlev Yak 42,,3J,Passenger,M,In Service
YK4,YK40,Yakovlev,/ Jakovlev Yak 40,Yakovlev / Jakovlev Yak 40,/ Jakovlev Yak 40,,3J,Passenger,L,In Service
YN2,Y12,HAMC,/ Harbin Y12,HAMC / Harbin Y12,/ Harbin Y12,,2T,Passenger,L,In Service
YN7,AN24,Xian,Yunshuji Y7,Xian Yunshuji Y7,Yunshuji Y7,,2T,Passenger,,In Service
YS1,YS11,NAMC,YS-11,NAMC YS-11,YS-11,,2T,Passenger,M,In Service
,A337,Airbus,A330-700 Beluga XL,Airbus A330-700 Beluga XL,A330-700 Beluga XL,,,Passenger,,In Service
A25,A225,Antonov,An-225 Mriya,Antonov An-225 Mriya,An-225 Mriya,,,Passenger,,In Service
,BE58,Beechcraft,Baron,Beechcraft Baron,Baron,,,Passenger,,In Service
,BE55,Beechcraft,Baron / 55 Baron,Beechcraft Baron / 55 Baron,Baron / 55 Baron,,,Passenger,,In Service
778,B778,Boeing,777-8,Boeing 777-8,777-8,,,Passenger,,In Service
779,B779,Boeing,777-9,Boeing 777-9,777-9,,,Passenger,,In Service
78J,B78X,Boeing,787-10,Boeing 787-10,787-10,,,Passenger,,In Service
,CL2T,Bombardier,415,Bombardier 415,415,,,Passenger,,In Service
,CL30,Bombardier,BD-100 Challenger 300,Bombardier BD-100 Challenger 300,BD-100 Challenger 300,,,Passenger,,In Service
,C152,Cessna,152,Cessna 152,152,,,Passenger,,In Service
,C919,COMAC,C-919,COMAC C-919,C-919,,,Passenger,,In Service
E7W,E75L,Embraer,175 (long wing),Embraer 175 (long wing),175 (long wing),,,Passenger,,In Service
E7W,E75S,Embraer,175 (short wing),Embraer 175 (short wing),175 (short wing),,,Passenger,,In Service
,E545,Embraer,Legacy 450,Embraer Legacy 450,Legacy 450,,,Passenger,,In Service
GJ6,GLF6,Gulfstream,G650,Gulfstream G650,G650,,,Passenger,,In Service
GJ4,GLF4,Gulfstream,IV,Gulfstream IV,IV,,,Passenger,,In Service
GJ5,GLF5,Gulfstream,V,Gulfstream V,V,,,Passenger,,In Service
,P28B,Piper,PA-28 (above 200 hp),Piper PA-28 (above 200 hp),PA-28 (above 200 hp),,,Passenger,,In Service
,P28A,Piper,PA-28 (up to 180 hp),Piper PA-28 (up to 180 hp),PA-28 (up to 180 hp),,,Passenger,,In Service
,PA44,Piper,PA-44 Seminole,Piper PA-44 Seminole,PA-44 Seminole,,,Passenger,,In Service
S92,S92,Sikorsky,S-92,Sikorsky S-92,S-92,,,Passenger,,In Service
,T144,Tupolev,Tu-144,Tupolev Tu-144,Tu-144,,,Passenger,,In Service
