Name,Company Type,Founded,Headquarters,Key People,Products,No of Employees,Website,Logo,Parent,Predecessor,Industry,Fate,Successor,Defunct,Active,Subsidiaries
Aero,Private,,Czech Republic,,,,,,,,Aircraft manufacturing,,,Unknown,Unknown,
Aerocar,Private,,United States,,,,,,,,Aircraft manufacturing,,,Unknown,Unknown,
Aeronautica Macchi,Private,,Italy,,,,,,,,Aircraft manufacturing,,,Unknown,Unknown,
Aermacchi,Private,,Italy,,,,,,,,Aircraft manufacturing,,,Unknown,Unknown,
Aerojet,Private,,United States,,,,,,,,Aircraft manufacturing,,,Unknown,Unknown,
Aeronautical Engineering,Private,,UK,,,,,,,,Aircraft engine manufacturing,,,Unknown,Unknown,
Air Command,Public,,United States,,,,,,,,Aircraft manufacturing,,,Unknown,Unknown,
Airbus,Private,1970,European Union,Guillaume Faury (CEO),"Commercial aircraft, helicopters, defense, space","130,000+",https://www.airbus.com,https://upload.wikimedia.org/wikipedia/commons/thumb/2/23/Airbus_Logo.svg/200px-Airbus_Logo.svg.png,,,Aerospace,,,No,Yes,
Airco,Private,1912,United Kingdom,,,,,,,,Aircraft manufacturing,,> de Havilland,Yes,No,
Aircraft Armaments Inc,Public,1950,United States,,,,,,,,Aircraft manufacturing,,Renamed AAI Corporation,Yes,No,
Airplane Factory,Private,,South Africa,,,,,,,,Aircraft manufacturing,,,Unknown,Unknown,
Airspeed,Private,1931,United Kingdom,,,,,,,,Aircraft manufacturing,,> de Havilland,Yes,No,
AISA,Private,,Spain,,,,,,,,Aircraft manufacturing,,,Unknown,Unknown,
Akaflieg Berlin,Private,,Germany,,,,,,,,Aircraft manufacturing,,,Unknown,Unknown,
Albatros,Private,1909,Germany,,,,,,,,Aircraft manufacturing,,WWI manufacturer,Yes,No,
All American Aviation,Private,1939,United States,,,,,,,,Aircraft manufacturing,,> Reno Air,Yes,No,
American Champion,Public,1979,United States,John M. (CEO),"7GCAA, 8GCBC",50+,https://www.americanchampionaircraft.com,https://upload.wikimedia.org/wikipedia/commons/thumb/c/c1/American_Champion_Aircraft_logo.svg/200px-American_Champion_Aircraft_logo.svg.png,,,Aircraft manufacturing,,,No,Yes,
American Eagle,Public,1931,United States,,,,,,,,Aircraft manufacturing,,> Lockheed,Yes,No,
Antonov,Private,1946,Ukraine,Oleg Antonov (founder),"An-225, transport aircraft","12,000+",https://www.antonov.com,https://upload.wikimedia.org/wikipedia/commons/thumb/5/52/Antonov_logo.svg/200px-Antonov_logo.svg.png,,,Aerospace,,,No,Yes,
Arpin,Public,,United States,,,,,,,,Aircraft manufacturing,,,Unknown,Unknown,
Auster,Private,1945,United Kingdom,,,,,,,,Aircraft manufacturing,,> Beagles,Yes,No,
AutoGyro,Private,,Germany,,,,,,,,Aircraft manufacturing,,,Unknown,Unknown,
Aviat,Private,,United States,,,,,,,,Aircraft manufacturing,,,Unknown,Unknown,
Avia,Private,1919,Czechoslovakia,,,,,,,,Aircraft manufacturing,,,Yes,No,
Avianca,Private,,Colombia,,,,,,,,Aircraft manufacturing,,,Unknown,Unknown,
Avio,Private,1908,Italy,,,,,,,,Aircraft manufacturing,,> FIAT,Yes,No,
Avro,Private,1910,United Kingdom,Allverton Avro (founder),"Avro Vulcan, Lancaster bomber","10,000+",,https://upload.wikimedia.org/wikipedia/commons/thumb/9/99/Avro_logo.svg/200px-Avro_logo.svg.png,,,Aircraft manufacturing,,> Hawker Siddeley,Yes,No,
BAC,Public,1959,United Kingdom,,,,,,,,Aircraft manufacturing,,> British Aerospace,Yes,No,
BAE Systems,Private,1999,United Kingdom,Charles Woodburn (CEO),"Defense, aerospace, maritime","83,000+",https://www.baesystems.com,https://upload.wikimedia.org/wikipedia/commons/thumb/7/74/BAE_Systems_logo.svg/200px-BAE_Systems_logo.svg.png,,,Defense and Aerospace,,,No,Yes,
BAE Systems Australia,Private,,Australia,,,,,,,,Aircraft manufacturing,,,Unknown,Unknown,
Bakeng,Private,,United States,,,,,,,,Aircraft manufacturing,,,Unknown,Unknown,
Barkley-Grow,Public,,United States,,,,,,,,Aircraft manufacturing,,,Unknown,Unknown,
Bristol Aeroplane Company,Public,1910,United Kingdom,,,,,,,,Aircraft manufacturing,,> BAC,Yes,No,
Bristol Helicopters,Private,1944,United Kingdom,,,,,,,,Helicopter manufacturing,,> Westland,Yes,No,
Bristol,Private,1910,United Kingdom,Sir George White (founder),"Bristol Fighter, Britannia","5,000+",,https://upload.wikimedia.org/wikipedia/commons/thumb/1/16/Bristol_Aeroplane_Company_logo.svg/200px-Bristol_Aeroplane_Company_logo.svg.png,,,Aircraft manufacturing,,> BAC,Yes,No,
Boeing,Private,1916,United States,Dave Calhoun (CEO),"Commercial aircraft, defense, space, satellites","140,000+",https://www.boeing.com,https://upload.wikimedia.org/wikipedia/commons/thumb/9/95/Boeing_logo_%282013%29.svg/200px-Boeing_logo_%282013%29.svg.png,,,Aerospace,,,No,Yes,
Boeing Canada,Private,,Canada,,,,,,,,Aircraft manufacturing,,,Unknown,Unknown,
Boeing Vertol,Private,,United States,,,,,,,,Aircraft manufacturing,,> Boeing,Unknown,Unknown,
Beechcraft,Public,1932,United States,Walter Beech (founder),"Bonanza, King Air, Baron","3,000+",https://www.beechcraft.com,https://upload.wikimedia.org/wikipedia/commons/thumb/5/52/Beechcraft_logo.svg/200px-Beechcraft_logo.svg.png,,,Aircraft manufacturing,,> Raytheon > Hawker Beechcraft,Yes,No,
Bell,Public,1935,United States,Michael J. Desbiens (President),"Helicopters, V-22 Osprey","8,000+",https://www.bellflight.com,https://upload.wikimedia.org/wikipedia/commons/thumb/9/9a/Bell_Aircaft_logo.svg/200px-Bell_Aircaft_logo.svg.png,,,Helicopter manufacturing,,> Bell Helicopter,Yes,No,
Bell Helicopter,Private,1960,United States,,,,,,,,Helicopter manufacturing,,Division of Textron,No,Yes,
Bellanca,Public,1927,United States,,,,,,,,Aircraft manufacturing,,> AviaBellanca,Yes,No,
Beriev,Private,1934,Russia,Georgy Beriev (founder),Be-200 seaplanes,"5,000+",https://www.beriev.com,https://upload.wikimedia.org/wikipedia/commons/thumb/7/74/Beriev_Logo.svg/200px-Beriev_Logo.svg.png,,,Aerospace,,,No,Yes,
Blackburn,Private,1914,United Kingdom,,,,,,,,Aircraft manufacturing,,> General Aircraft,Yes,No,
Blériot,Private,1906,France,,,,,,,,Aircraft manufacturing,,> Blériot-SPAD,Yes,No,
Blohm & Voss,Private,1930,Germany,,,,,,,,Aircraft manufacturing,,> MBB,Yes,No,
Britten-Norman,Private,1964,United Kingdom,,,,,,,,Aircraft manufacturing,,,No,Yes,
Bucker,Private,1932,Germany,,,,,,,,Aircraft manufacturing,,,Yes,No,
Budd,Private,,United States,,,,,,,,Aircraft manufacturing,,,Unknown,Unknown,
Burnelli,Private,,United States,,,,,,,,Aircraft manufacturing,,,Unknown,Unknown,
Bushby,Private,,United States,,,,,,,,Aircraft manufacturing,,,Unknown,Unknown,
CAARP,Private,,France,,,,,,,,Aircraft manufacturing,,,Unknown,Unknown,
CAB,Private,,France,,,,,,,,Aircraft manufacturing,,,Unknown,Unknown,
CAMCO,Private,,China,,,,,,,,Aircraft manufacturing,,,Unknown,Unknown,
Canadair,Private,,Canada,,,,,,,,Aircraft manufacturing,,> Bombardier,Unknown,Unknown,
Canadian Aeroplanes,Private,,Canada,,,,,,,,Aircraft manufacturing,,,Unknown,Unknown,
Canadian Car & Foundry,Private,,Canada,,,,,,,,Aircraft manufacturing,,,Unknown,Unknown,
CAP Aviation,Private,,France,,,,,,,,Aircraft manufacturing,,,Unknown,Unknown,
Caproni,Private,1908,Italy,,,,,,,,Aircraft manufacturing,,> Agusta,Yes,No,
CASA,Private,1923,Spain,,,,,,,,Aircraft manufacturing,,> Airbus,Yes,No,
Cassutt,Private,,United States,,,,,,,,Aircraft manufacturing,,,Unknown,Unknown,
Cessna,Private,1927,United States,Rob Scholl (President),"Citation jets, single-engine aircraft","10,000+",https://www.cessna.com,https://upload.wikimedia.org/wikipedia/commons/thumb/6/63/Cessna_logo.svg/200px-Cessna_logo.svg.png,,,Aircraft manufacturing,,Subsidiary of Textron,No,Yes,
Champion,Public,1954,United States,,,,,,,,Aircraft manufacturing,,> Bellanca,Yes,No,
Chance Vought,Private,1922,United States,,,,,,,,Aircraft manufacturing,,> Vought,Yes,No,
Changhe,Public,,China,,,,,,,,Aircraft manufacturing,,,Unknown,Unknown,
Chengdu,Public,,China,,,,,,,,Aircraft manufacturing,,,Unknown,Unknown,
Chilton,Private,1937,United Kingdom,,,,,,,,Aircraft manufacturing,,,Yes,No,
Cirrus,Public,1984,United States,Zean Nielsen (CEO),"SR series, Vision Jet","1,500+",https://cirrusaircraft.com,https://upload.wikimedia.org/wikipedia/commons/thumb/e/ee/Cirrus_Design_Logo.svg/200px-Cirrus_Design_Logo.svg.png,,,Aircraft manufacturing,,,No,Yes,
Clyde Cessna,Private,,United States,,,,,,,,Aircraft manufacturing,,> Travel Air,Unknown,Unknown,
Colemill,Public,,United States,,,,,,,,Aircraft manufacturing,,,Unknown,Unknown,
Colomban,Private,,France,,,,,,,,Aircraft manufacturing,,,Unknown,Unknown,
COMAC,Public,2008,China,,,,,,,,Aircraft manufacturing,,,No,Yes,
Commander,Private,,United States,,,,,,,,Aircraft manufacturing,,,Unknown,Unknown,
Commonwealth Aircraft,Public,,Australia,,,,,,,,Aircraft manufacturing,,,Unknown,Unknown,
Comper,Public,1929,United Kingdom,,,,,,,,Aircraft manufacturing,,,Yes,No,
Conair,Public,,Canada,,,,,,,,Aircraft manufacturing,,,Unknown,Unknown,
Consolidated,Public,,United States,,,,,,,,Aircraft manufacturing,,,Unknown,Unknown,
Convair,Public,1943,United States,Edgar 'Eddie' Convair (founder),"B-58 Hustler, F-102 Delta Dagger","20,000+",,https://upload.wikimedia.org/wikipedia/commons/thumb/4/49/Convair_logo.svg/200px-Convair_logo.svg.png,,,Aircraft manufacturing,,> General Dynamics,Yes,No,
Corben,Private,1931,United States,,,,,,,,Aircraft manufacturing,,,Yes,No,
Culver,Private,,United States,,,,,,,,Aircraft manufacturing,,,Unknown,Unknown,
Curtiss,Public,1929,United States,,,,,,,,Aircraft manufacturing,,,No,Yes,
Curtiss Aeroplane and Motor Co,Private,1909,United States,,,,,,,,Aircraft engine manufacturing,,> Curtiss-Wright,Yes,No,
CZAW,Private,,Czech Republic,,,,,,,,Aircraft manufacturing,,,Unknown,Unknown,
DAC,Private,,Netherlands,,,,,,,,Aircraft manufacturing,,,Unknown,Unknown,
DASA,Private,1989,Germany,,,,,,,,Aircraft manufacturing,,> EADS,Yes,No,
Dassault,Private,1945,France,Eric Trappier (CEO),"Falcon jets, Rafale fighter","11,500+",https://www.dassaultaviation.com,https://upload.wikimedia.org/wikipedia/commons/thumb/7/79/Dassault_Aviation_logo.svg/200px-Dassault_Aviation_logo.svg.png,,,Aerospace and Defense,,,No,Yes,
Dassault Aviation,Private,1930,France,,,,,,,,Aircraft manufacturing,,,No,Yes,
Dassault-Breguet,Private,1969,France,,,,,,,,Aircraft manufacturing,,> Dassault Aviation,Yes,No,
Davis,Private,,United States,,,,,,,,Aircraft manufacturing,,,Unknown,Unknown,
Dayton-Wright,Private,,United States,,,,,,,,Aircraft manufacturing,,> Consolidated,Unknown,Unknown,
De Havilland,Public,1920,United Kingdom,Geoffrey de Havilland (founder),"Mosquito, Comet, DH.88","8,000+",,https://upload.wikimedia.org/wikipedia/commons/thumb/8/82/De_Havilland_Logo.svg/200px-De_Havilland_Logo.svg.png,,,Aircraft manufacturing,,> Hawker Siddeley,Yes,No,
De Havilland Australia,Public,,Australia,,,,,,,,Aircraft manufacturing,,> Boeing,Unknown,Unknown,
De Havilland Canada,Private,1928,Canada,,,,,,,,Aircraft manufacturing,,,No,Yes,
Denel,Private,,South Africa,,,,,,,,Aircraft manufacturing,,,Unknown,Unknown,
DFS,Private,1925,Germany,,,,,,,,Aircraft manufacturing,,,Yes,No,
Diamond,Private,1981,Austria,Christian Dries (founder),"DA40, DA50, turboprop aircraft",500+,https://www.diamondaircraft.com,https://upload.wikimedia.org/wikipedia/commons/thumb/5/58/Diamond_Aircraft_Logo.svg/200px-Diamond_Aircraft_Logo.svg.png,,,Aircraft manufacturing,,,No,Yes,
DINFIA,Private,1957,Argentina,,,,,,,,Aircraft manufacturing,,,Yes,No,
Dirgantara,Private,,Indonesia,,,,,,,,Aircraft manufacturing,,,Unknown,Unknown,
Doak,Private,,United States,,,,,,,,Aircraft manufacturing,,,Unknown,Unknown,
Dornier,Private,1914,Germany,Sönke Rautenberg (CEO),"Seawings, aerospace","3,000+",https://www.dornier.com,https://upload.wikimedia.org/wikipedia/commons/thumb/9/9e/Dornier_Logo.svg/200px-Dornier_Logo.svg.png,,,Aerospace,,,Yes,No,
Douglas,Public,1920,United States,Donald Douglas (founder),"DC-3, DC-8, A-4 Skyhawk","40,000+",,https://upload.wikimedia.org/wikipedia/commons/thumb/e/e8/Douglas_Aircraft_Company_Logo.svg/200px-Douglas_Aircraft_Company_Logo.svg.png,,,Aircraft manufacturing,,> McDonnell Douglas,Yes,No,
Driggs,Public,,United States,,,,,,,,Aircraft manufacturing,,,Unknown,Unknown,
Druine,Private,,France,,,,,,,,Aircraft manufacturing,,,Unknown,Unknown,
Dudek,Private,,Poland,,,,,,,,Aircraft manufacturing,,,Unknown,Unknown,
Dufaux,Private,,Switzerland,,,,,,,,Aircraft manufacturing,,,Unknown,Unknown,
Duigan,Private,,Australia,,,,,,,,Aircraft manufacturing,,,Unknown,Unknown,
Dyn'Aéro,Private,,France,,,,,,,,Aircraft manufacturing,,,Unknown,Unknown,
EAA,Private,,United States,,,,,,,,Aircraft manufacturing,,,Unknown,Unknown,
EADS,Private,2000,France/Germany/Spain,,,,,,,,Aircraft manufacturing,,> Airbus Group,Yes,No,
Eclipse,Public,,United States,,,,,,,,Aircraft manufacturing,,,Unknown,Unknown,
Edgley,Private,,United Kingdom,,,,,,,,Aircraft manufacturing,,,Unknown,Unknown,
Ela,Private,,Spain,,,,,,,,Aircraft manufacturing,,,Unknown,Unknown,
Elbit,Private,,Israel,,,,,,,,Aircraft manufacturing,,,Unknown,Unknown,
Embraer,Private,1969,Brazil,Francisco Gomes Neto (CEO),"Commercial aircraft, executive jets, defense","16,000+",https://www.embraer.com,https://upload.wikimedia.org/wikipedia/commons/thumb/2/2d/Embraer_logo.svg/200px-Embraer_logo.svg.png,,,Aerospace,,,No,Yes,
ENAER,Private,,Chile,,,,,,,,Aircraft manufacturing,,,Unknown,Unknown,
English Electric,Private,,United Kingdom,,,,,,,,Aircraft manufacturing,,> BAC,Unknown,Unknown,
Enstrom,Public,1959,United States,G.J. Enstrom (founder),"Enstrom 280, 480 helicopters",200+,https://www.enstrom.com,https://upload.wikimedia.org/wikipedia/commons/thumb/f/f8/Enstrom_Logo.svg/200px-Enstrom_Logo.svg.png,,,Helicopter manufacturing,,,No,Yes,
Epervier,Private,,Belgium,,,,,,,,Aircraft manufacturing,,,Unknown,Unknown,
ERCO,Public,,United States,,,,,,,,Aircraft engine manufacturing,,,Unknown,Unknown,
Eurocopter,Private,1992,France/Germany,,,,,,,,Aircraft manufacturing,,> Airbus Helicopters,Yes,No,
Eurofighter,Private,1983,Germany/UK/Italy/Spain,,,,,,,,Aircraft manufacturing,,,No,Yes,
Evektor-Aerotechnik,Private,,Czech Republic,,,,,,,,Aircraft manufacturing,,,Unknown,Unknown,
Evolution Aircraft,Private,,United States,,,,,,,,Aircraft manufacturing,,,Unknown,Unknown,
Extra,Private,1981,Germany,Walter Extra (founder),"Extra 300, EA-500",100+,https://www.extra-aircraft.com,https://upload.wikimedia.org/wikipedia/commons/thumb/5/5c/Extra_Aircraft_logo.svg/200px-Extra_Aircraft_logo.svg.png,,,Aircraft manufacturing,,,No,Yes,
Fairchild,Public,1925,United States,Malcolm Fairchild (founder),"Fairchild-Republic, C-119","10,000+",,https://upload.wikimedia.org/wikipedia/commons/thumb/a/a3/Fairchild_logo.svg/200px-Fairchild_logo.svg.png,,,Aircraft manufacturing,,> Fairchild Dornier,Yes,No,
Fairchild Dornier,Public,1996,United States/Germany,,,,,,,,Aircraft manufacturing,,> Avcraft,Yes,No,
Fairey,Public,1915,United Kingdom,,,,,,,,Aircraft manufacturing,,> Westland,Yes,No,
Fajr,Private,,Iran,,,,,,,,Aircraft manufacturing,,,Unknown,Unknown,
Falconar,Private,,Canada,,,,,,,,Aircraft engine manufacturing,,,Unknown,Unknown,
Farman,Private,1914,France,,,,,,,,Aircraft manufacturing,,> Ateliers Aéros de Suresnes,Yes,No,
FFA,Private,,Switzerland,,,,,,,,Aircraft manufacturing,,,Unknown,Unknown,
FIAT,Private,,Italy,,,,,,,,Aircraft manufacturing,,> Aeritalia,Unknown,Unknown,
Fieseler,Private,,Germany,,,,,,,,Aircraft manufacturing,,,Unknown,Unknown,
Fisher,Private,,United States,,,,,,,,Aircraft manufacturing,,,Unknown,Unknown,
Flight Design,Private,,Germany,,,,,,,,Aircraft manufacturing,,,Unknown,Unknown,
Focke-Achgelis,Private,,Germany,,,,,,,,Aircraft manufacturing,,,Unknown,Unknown,
Focke-Wulf,Private,1923,Germany,,,,,,,,Aircraft manufacturing,,,Yes,No,
Fokker,Private,1919,Netherlands,Anthony Fokker (founder),"F28, F50 regional jets","3,000+",https://www.fokker.com,https://upload.wikimedia.org/wikipedia/commons/thumb/7/7f/Fokker_logo.svg/200px-Fokker_logo.svg.png,,,Aircraft manufacturing,,> Stork,Yes,No,
Folland,Private,1937,United Kingdom,,,,,,,,Aircraft manufacturing,,> Hawker Siddeley,Yes,No,
Found,Private,,Canada,,,,,,,,Aircraft manufacturing,,,Unknown,Unknown,
Fournier,Private,,France,,,,,,,,Aircraft manufacturing,,,Unknown,Unknown,
Friedrichshafen,Private,,Germany,,,,,,,,Aircraft manufacturing,,> Dornier,Unknown,Unknown,
Frontier,Private,,United States,,,,,,,,Aircraft manufacturing,,,Unknown,Unknown,
Fuji,Private,,Japan,,,,,,,,Aircraft manufacturing,,,Unknown,Unknown,
GAF,Private,1941,Australia,,,,,,,,Aircraft manufacturing,,> Aerospace Technologies,Yes,No,
Gannet,Private,,United States,,,,,,,,Aircraft manufacturing,,,Unknown,Unknown,
Garland,Private,,United Kingdom,,,,,,,,Aircraft manufacturing,,,Unknown,Unknown,
Garrison,Private,,United States,,,,,,,,Aircraft manufacturing,,,Unknown,Unknown,
Gates Learjet,Public,,United States,,,,,,,,Aircraft manufacturing,,> Bombardier,Unknown,Unknown,
GEFA-FLUG,Private,1975,Germany,,,,,,,,Aircraft manufacturing,,,No,Yes,
General Aircraft,Public,,United States,,,,,,,,Aircraft manufacturing,,,Unknown,Unknown,
General Atomics,Private,1958,United States,,,,,,,,Aircraft manufacturing,,,No,Yes,
General Avia,Private,,Italy,,,,,,,,Aircraft manufacturing,,,Unknown,Unknown,
General Dynamics,Public,1952,United States, Pheibe Novakovic (CEO),"Military aircraft, submarines, defense","100,000+",https://www.gd.com,https://upload.wikimedia.org/wikipedia/commons/thumb/7/72/General_Dynamics_logo.svg/200px-General_Dynamics_logo.svg.png,,,Defense and Aerospace,,,No,Yes,
General Motors,Public,,United States,,,,,,,,Aircraft engine manufacturing,,,Unknown,Unknown,
Gippsland,Private,,Australia,,,,,,,,Aircraft manufacturing,,,Unknown,Unknown,
Glaser-Dirks,Private,,Germany,,,,,,,,Aircraft manufacturing,,,Unknown,Unknown,
Glasflügel,Private,,Germany,,,,,,,,Aircraft manufacturing,,,Unknown,Unknown,
Global,Private,,United States,,,,,,,,Helicopter manufacturing,,,Unknown,Unknown,
Gloster,Public,1915,United Kingdom,,,,,,,,Aircraft manufacturing,,> Hawker Siddeley,Yes,No,
Goodrich,Public,,United States,,,,,,,,Aircraft manufacturing,,,Unknown,Unknown,
Goodyear,Public,,United States,,,,,,,,Aircraft manufacturing,,,Unknown,Unknown,
Grahame-White,Public,,United Kingdom,,,,,,,,Aircraft manufacturing,,,Unknown,Unknown,
Great Lakes,Public,,United States,,,,,,,,Aircraft manufacturing,,,Unknown,Unknown,
Griffon,Private,,United States,,,,,,,,Aircraft manufacturing,,,Unknown,Unknown,
Grob,Private,,Germany,,,,,,,,Aircraft manufacturing,,,Unknown,Unknown,
Grumman,Public,1930,United States,Leroy Grumman (founder),"F-14 Tomcat, F/A-18 Hornet","25,000+",,https://upload.wikimedia.org/wikipedia/commons/thumb/4/49/Grumman_logo.svg/200px-Grumman_logo.svg.png,,,Aircraft manufacturing,,> Northrop Grumman,Yes,No,
Guizhou,Public,,China,,,,,,,,Aircraft manufacturing,,,Unknown,Unknown,
Gulfstream,Public,1978,United States,Mark D. Paetz (President),Business jets,"10,000+",https://www.gulfstream.com,https://upload.wikimedia.org/wikipedia/commons/thumb/c/c0/Gulfstream_Aerospace_logo.svg/200px-Gulfstream_Aerospace_logo.svg.png,,,Aerospace,,Subsidiary of General Dynamics,No,Yes,
Gyroflug,Private,,Germany,,,,,,,,Aircraft manufacturing,,,Unknown,Unknown,
HAI,Private,,Greece,,,,,,,,Aircraft manufacturing,,,Unknown,Unknown,
Halberstadt,Private,,Germany,,,,,,,,Aircraft manufacturing,,,Unknown,Unknown,
Hall,Public,,United States,,,,,,,,Aircraft manufacturing,,,Unknown,Unknown,
Hamburger Flugzeugbau,Private,1932,Germany,,,,,,,,Aircraft manufacturing,,> Blohm & Voss,Yes,No,
Hamilton,Public,,United States,,,,,,,,Aircraft manufacturing,,,Unknown,Unknown,
Handley Page,Private,,United Kingdom,,,,,,,,Aircraft manufacturing,,> Scottish Aviation,Unknown,Unknown,
Hanriot,Private,1914,France,,,,,,,,Aircraft manufacturing,,> SNCAC,Yes,No,
Hansa-Brandenburg,Private,,Germany,,,,,,,,Aircraft manufacturing,,> Heinkel,Unknown,Unknown,
Harbin,Public,1952,China,,,,,,,,Aircraft manufacturing,,,Yes,No,
Hawker,Private,1920,United Kingdom,,,,,,,,Aircraft manufacturing,,> Hawker Siddeley,Yes,No,
Hawker Siddeley,Private,,United Kingdom,,,,,,,,Aircraft manufacturing,,> British Aerospace,Unknown,Unknown,
Heinkel,Private,,Germany,,,,,,,,Aircraft manufacturing,,,Unknown,Unknown,
Helibras,Private,,Brazil,,,,,,,,Aircraft manufacturing,,,Unknown,Unknown,
Helio,Private,,United States,,,,,,,,Aircraft manufacturing,,,Unknown,Unknown,
Heliopolis,Private,,Egypt,,,,,,,,Aircraft manufacturing,,,Unknown,Unknown,
Henschel,Private,,Germany,,,,,,,,Aircraft manufacturing,,,Unknown,Unknown,
HFB,Private,,Germany,,,,,,,,Aircraft manufacturing,,> MBB,Unknown,Unknown,
Hiller,Public,1947,United States,,,,,,,,Aircraft manufacturing,,,Yes,No,
Hindustan Aeronautics,Private,1940,India,,,,,,,,Aircraft manufacturing,,,No,Yes,
Hispano,Private,,Spain,,,,,,,,Aircraft manufacturing,,> CASA,Unknown,Unknown,
Hoffmann,Private,,Austria,,,,,,,,Aircraft manufacturing,,,Unknown,Unknown,
Honda Aircraft,Private,2006,Japan/United States,Mitsuru Hotomi (President),HondaJet,"1,500+",https://www.hondajet.com,https://upload.wikimedia.org/wikipedia/commons/thumb/5/5a/HondaJet_logo.svg/200px-HondaJet_logo.svg.png,,,Aircraft manufacturing,,,No,Yes,
Hongdu,Private,,China,,,,,,,,Aircraft manufacturing,,,Unknown,Unknown,
Howard,Public,,United States,,,,,,,,Aircraft manufacturing,,,Unknown,Unknown,
Hughes,Private,,United States,,,,,,,,Helicopter manufacturing,,> Safe Flight,Unknown,Unknown,
Hummel,Private,,United States,,,,,,,,Aircraft manufacturing,,,Unknown,Unknown,
Hunting,Private,1957,United Kingdom,,,,,,,,Aircraft manufacturing,,> BAC,Yes,No,
Hurel-Dubois,Private,,France,,,,,,,,Aircraft manufacturing,,,Unknown,Unknown,
Hyundai,Private,,South Korea,,,,,,,,Aircraft manufacturing,,> KAI,Unknown,Unknown,
IAI,Private,1953,Israel,Boaz Levy (CEO),"Arava, Heron drones, defense","16,000+",https://www.iai.co.il,https://upload.wikimedia.org/wikipedia/commons/thumb/e/ee/Israel_Aerospace_Industries_logo.svg/200px-Israel_Aerospace_Industries_logo.svg.png,,,Defense and Aerospace,,,No,Yes,
IAR,Private,,Romania,,,,,,,,Aircraft manufacturing,,,Unknown,Unknown,
ICA,Private,,Romania,,,,,,,,Aircraft manufacturing,,,Unknown,Unknown,
Ilyushin,Private,1933,Russia,Sergei Ilyushin (founder),"Il-76, Il-78, cargo aircraft","25,000+",https://www.ilyushin.org,https://upload.wikimedia.org/wikipedia/commons/thumb/6/6d/Ilyushin_Logo.svg/200px-Ilyushin_Logo.svg.png,,,Aerospace,,,No,Yes,
IMP,Private,,Canada,,,,,,,,Aircraft manufacturing,,,Unknown,Unknown,
Indaer,Private,,Chile,,,,,,,,Aircraft manufacturing,,,Unknown,Unknown,
Indus,Private,,United States,,,,,,,,Aircraft manufacturing,,,Unknown,Unknown,
Instytut Lotnictwa,Private,,Poland,,,,,,,,Aircraft manufacturing,,,Unknown,Unknown,
Interavia,Private,,Russia,,,,,,,,Aircraft manufacturing,,,Unknown,Unknown,
International Helicopters,Private,,United States,,,,,,,,Helicopter manufacturing,,,Unknown,Unknown,
IPTN,Private,,Indonesia,,,,,,,,Aircraft manufacturing,,> Dirgantara,Unknown,Unknown,
Irkut,Private,1932,Russia,,,,,,,,Aircraft manufacturing,,,No,Yes,
Isaacs,Private,,United Kingdom,,,,,,,,Aircraft manufacturing,,,Unknown,Unknown,
Israviation,Private,,Israel,,,,,,,,Aircraft manufacturing,,,Unknown,Unknown,
Issoire,Private,,France,,,,,,,,Aircraft manufacturing,,,Unknown,Unknown,
Jabiru,Private,,Australia,,,,,,,,Aircraft manufacturing,,,Unknown,Unknown,
Javelin,Public,,United States,,,,,,,,Aircraft manufacturing,,,Unknown,Unknown,
Jodel,Private,,France,,,,,,,,Aircraft manufacturing,,,Unknown,Unknown,
Johnson,Private,,United States,,,,,,,,Aircraft manufacturing,,,Unknown,Unknown,
Jordan Aerospace,Private,,Jordan,,,,,,,,Aircraft manufacturing,,,Unknown,Unknown,
Junkers,Private,1913,Germany,,,,,,,,Aircraft engine manufacturing,,,Yes,No,
Jurca,Private,,France,,,,,,,,Aircraft manufacturing,,,Unknown,Unknown,
Kaman,Public,1945,United States,,,,,,,,Aircraft manufacturing,,,No,Yes,
Kamov,Private,1929,Russia,Nikolai Kamov (founder),"Ka-27, Ka-31 helicopters","8,000+",https://www.kamov.com,https://upload.wikimedia.org/wikipedia/commons/thumb/8/8c/Kamov_logo.svg/200px-Kamov_logo.svg.png,,,Helicopter manufacturing,,,No,Yes,
Kawasaki,Private,,Japan,Yoshihide Ogasawara (President),"Helicopters, aircraft, motorcycles","36,000+",https://www.khi.co.jp,https://upload.wikimedia.org/wikipedia/commons/thumb/a/a9/Kawasaki_Heavy_Industries_logo.svg/200px-Kawasaki_Heavy_Industries_logo.svg.png,,,Heavy industry,,,Unknown,Unknown,
Kazan,Private,,Russia,,,,,,,,Aircraft manufacturing,,,Unknown,Unknown,
KEA,Private,1925,Greece,,,,,,,,Aircraft manufacturing,,,No,Yes,
Keystone,Public,1920,United States,,,,,,,,Aircraft manufacturing,,> Curtiss-Wright,Yes,No,
Khrunichev,Private,,Russia,,,,,,,,Aircraft manufacturing,,,Unknown,Unknown,
Klemm,Private,,Germany,,,,,,,,Aircraft manufacturing,,> Siebel,Unknown,Unknown,
Kolb,Private,,United States,,,,,,,,Aircraft manufacturing,,,Unknown,Unknown,
Koolhoven,Private,,Netherlands,,,,,,,,Aircraft manufacturing,,,Unknown,Unknown,
Korea Aerospace,Private,1976,South Korea,,,,,,,,Aircraft manufacturing,,,No,Yes,
Korean Air,Public,,South Korea,,,,,,,,Aircraft manufacturing,,,Unknown,Unknown,
Lake,Public,,United States,,,,,,,,Aircraft manufacturing,,,Unknown,Unknown,
Lancer,Private,,United States,,,,,,,,Aircraft manufacturing,,,Unknown,Unknown,
Lancair,Private,,United States,Lance (founder),"Lancair IV, Legacy",100+,,https://upload.wikimedia.org/wikipedia/commons/thumb/5/5f/Lancair_logo.svg/200px-Lancair_logo.svg.png,,,Aircraft manufacturing,,,Unknown,Unknown,
Latécoère,Private,,France,,,,,,,,Aircraft manufacturing,,,Unknown,Unknown,
Laverda,Private,,Italy,,,,,,,,Aircraft manufacturing,,,Unknown,Unknown,
Lavochkin,Private,,Russia,,,,,,,,Aircraft manufacturing,,,Unknown,Unknown,
Lear,Private,,United States,,,,,,,,Aircraft manufacturing,,,Unknown,Unknown,
Learjet,Public,1960,United States,Bill Lear (founder),Learjet series,"2,000+",,https://upload.wikimedia.org/wikipedia/commons/thumb/1/1a/Learjet_logo.svg/200px-Learjet_logo.svg.png,,,Aircraft manufacturing,,> Bombardier,Yes,No,
Leavens,Private,,Canada,,,,,,,,Aircraft manufacturing,,,Unknown,Unknown,
Legend,Private,,United States,,,,,,,,Aircraft manufacturing,,,Unknown,Unknown,
LeO,Private,,France,,,,,,,,Aircraft manufacturing,,,Unknown,Unknown,
Let,Private,1948,Czech Republic,,,,,,,,Aircraft manufacturing,,,No,Yes,
Levy,Private,,France,,,,,,,,Aircraft manufacturing,,,Unknown,Unknown,
Liberty,Private,,United States,,,,,,,,Aircraft manufacturing,,,Unknown,Unknown,
Light Aero,Private,,United States,,,,,,,,Aircraft manufacturing,,,Unknown,Unknown,
Lilienthal,Private,,Germany,,,,,,,,Aircraft manufacturing,,,Unknown,Unknown,
LIP,Private,,Poland,,,,,,,,Aircraft manufacturing,,,Unknown,Unknown,
Lisunov,Private,,Russia,,,,,,,,Aircraft manufacturing,,,Unknown,Unknown,
Lockheed,Public,1912,United States,,,,,,,,Aircraft manufacturing,,> Lockheed Martin,Yes,No,
Lockheed Martin,Public,1996,United States,James Taiclet (CEO),"Military aircraft, defense systems, spacecraft","116,000+",https://www.lockheedmartin.com,https://upload.wikimedia.org/wikipedia/commons/thumb/8/88/Lockheed_Martin_logo.svg/200px-Lockheed_Martin_logo.svg.png,,,Defense and Aerospace,,,No,Yes,
Loehle,Public,,United States,,,,,,,,Aircraft manufacturing,,,Unknown,Unknown,
Loening,Private,,United States,,,,,,,,Aircraft manufacturing,,,Unknown,Unknown,
Lohner,Private,,Austria-Hungary,,,,,,,,Aircraft manufacturing,,,Unknown,Unknown,
Lombardi,Private,,Italy,,,,,,,,Aircraft manufacturing,,,Unknown,Unknown,
Longren,Public,,United States,,,,,,,,Aircraft manufacturing,,,Unknown,Unknown,
Lopresti,Private,,United States,,,,,,,,Aircraft manufacturing,,,Unknown,Unknown,
LTV,Private,1961,United States,,,,,,,,Aircraft manufacturing,,,Yes,No,
Luscombe,Public,,United States,,,,,,,,Aircraft manufacturing,,,Unknown,Unknown,
Luton,Private,,United Kingdom,,,,,,,,Aircraft manufacturing,,,Unknown,Unknown,
LWD,Private,,Poland,,,,,,,,Aircraft manufacturing,,,Unknown,Unknown,
LWS,Private,,Poland,,,,,,,,Aircraft manufacturing,,,Unknown,Unknown,
M7 Aerospace,Private,2002,United States,,,,,,,,Aircraft manufacturing,,,No,Yes,
Macchi,Private,,Italy,,,,,,,,Aircraft manufacturing,,> Aermacchi,Unknown,Unknown,
Magni,Private,,Italy,,,,,,,,Aircraft manufacturing,,,Unknown,Unknown,
MAPO,Private,,Russia,,,,,,,,Aircraft manufacturing,,,Unknown,Unknown,
Martin,Private,1912,United States,,,,,,,,Aircraft manufacturing,,> Martin Marietta,Yes,No,
Martin-Baker,Private,1934,United Kingdom,,,,,,,,Aircraft manufacturing,,,No,Yes,
Martinsyde,Private,,United Kingdom,,,,,,,,Aircraft manufacturing,,,Unknown,Unknown,
Maule,Private,1959,United States,,,,,,,,Aircraft manufacturing,,,No,Yes,
MBB,Private,1969,Germany,,,,,,,,Aircraft manufacturing,,> DASA,Yes,No,
McDonnell,Public,1938,United States,,,,,,,,Aircraft manufacturing,,> McDonnell Douglas,Yes,No,
McDonnell Douglas,Public,1967,United States,James McDonnell (founder),"F-15, F/A-18, DC-10, MD-11","30,000+",,https://upload.wikimedia.org/wikipedia/commons/thumb/5/58/McDonnell_Douglas_logo.svg/200px-McDonnell_Douglas_logo.svg.png,,,Aircraft manufacturing,,> Boeing,Yes,No,
MD Helicopters,Private,,United States,,,,,,,,Helicopter manufacturing,,,Unknown,Unknown,
Meridionali,Private,,Italy,,,,,,,,Aircraft manufacturing,,,Unknown,Unknown,
Merlin,Private,,United States,,,,,,,,Aircraft manufacturing,,,Unknown,Unknown,
Messerschmitt,Private,1938,Germany,,,,,,,,Aircraft manufacturing,,,Yes,No,
Meyer,Private,,United States,,,,,,,,Aircraft manufacturing,,,Unknown,Unknown,
Meyers,Private,,United States,,,,,,,,Aircraft manufacturing,,,Unknown,Unknown,
Micco,Private,,United States,,,,,,,,Aircraft manufacturing,,,Unknown,Unknown,
Microjet,Private,,France,,,,,,,,Aircraft manufacturing,,,Unknown,Unknown,
Midwest,Private,,United States,,,,,,,,Aircraft manufacturing,,,Unknown,Unknown,
Mignet,Private,,France,,,,,,,,Aircraft manufacturing,,,Unknown,Unknown,
Mikoyan,Private,1939,Russia,Artem Mikoyan (founder),"MiG-29, MiG-35 fighters","12,000+",https://www.mikoyan.ru,https://upload.wikimedia.org/wikipedia/commons/thumb/4/4d/Mikoyan-Gurevich_logo.svg/200px-Mikoyan-Gurevich_logo.svg.png,,,Aerospace,,,No,Yes,
MIL,Private,,Russia,Mikhail Mil (founder),"Mi-8, Mi-26 helicopters","10,000+",https://www.mil.ru,https://upload.wikimedia.org/wikipedia/commons/thumb/5/53/Mil_Helicopters_logo.svg/200px-Mil_Helicopters_logo.svg.png,,,Helicopter manufacturing,,,Unknown,Unknown,
Miles,Private,1928,United Kingdom,,,,,,,,Aircraft manufacturing,,,Yes,No,
Miller,Private,,United States,,,,,,,,Aircraft manufacturing,,,Unknown,Unknown,
Millicer,Private,,Australia,,,,,,,,Aircraft manufacturing,,,Unknown,Unknown,
Mirage,Private,,United States,,,,,,,,Aircraft manufacturing,,,Unknown,Unknown,
Mitchell,Public,,United States,,,,,,,,Aircraft manufacturing,,,Unknown,Unknown,
Mitsubishi,Private,,Japan,Seiji Izumisawa (CEO),"Aircraft, automotive, electronics","80,000+",https://www.mitsubishi.com,https://upload.wikimedia.org/wikipedia/commons/thumb/b/be/Mitsubishi_logo.svg/200px-Mitsubishi_logo.svg.png,,,Conglomerate,,,Unknown,Unknown,
Moog,Private,,United States,,,,,,,,Aircraft manufacturing,,,Unknown,Unknown,
Mooney,Public,1929,United States,Al Mooney (founder),M20 series,500+,,https://upload.wikimedia.org/wikipedia/commons/thumb/5/5f/Mooney_International_logo.svg/200px-Mooney_International_logo.svg.png,,,Aircraft manufacturing,,,Yes,No,
Morane-Saulnier,Private,1911,France,,,,,,,,Aircraft manufacturing,,> Aérospatiale,Yes,No,
Moravan,Private,,Czech Republic,,,,,,,,Aircraft manufacturing,,,Unknown,Unknown,
Moyes,Private,,Australia,,,,,,,,Aircraft manufacturing,,,Unknown,Unknown,
Mudry,Private,,France,,,,,,,,Aircraft manufacturing,,,Unknown,Unknown,
Murphy,Private,1978,Canada,,,,,,,,Aircraft manufacturing,,,No,Yes,
Myasishchev,Private,,Russia,,,,,,,,Aircraft manufacturing,,,Unknown,Unknown,
Naglo,Private,,Germany,,,,,,,,Aircraft manufacturing,,,Unknown,Unknown,
NAI,Private,,China,,,,,,,,Aircraft manufacturing,,,Unknown,Unknown,
Nakajima,Private,,Japan,,,,,,,,Aircraft manufacturing,,,Unknown,Unknown,
NAMC,Public,,Japan,,,,,,,,Aircraft manufacturing,,,Unknown,Unknown,
Nanchang,Private,1951,China,,,,,,,,Aircraft manufacturing,,,No,Yes,
Nanjing,Private,,China,,,,,,,,Aircraft manufacturing,,,Unknown,Unknown,
Nardi,Private,,Italy,,,,,,,,Aircraft manufacturing,,,Unknown,Unknown,
National,Private,,United States,,,,,,,,Aircraft manufacturing,,,Unknown,Unknown,
Naval Aircraft Factory,Private,1918,United States,,,,,,,,Aircraft manufacturing,,,Yes,No,
Navion,Private,,United States,,,,,,,,Aircraft manufacturing,,,Unknown,Unknown,
NDN,Private,,United Kingdom,,,,,,,,Aircraft manufacturing,,,Unknown,Unknown,
NEIVA,Private,,Brazil,,,,,,,,Aircraft manufacturing,,,Unknown,Unknown,
Nesmith,Private,,United States,,,,,,,,Aircraft manufacturing,,,Unknown,Unknown,
New Glasair,Private,,United States,,,,,,,,Aircraft manufacturing,,,Unknown,Unknown,
New Standard,Private,,United States,,,,,,,,Aircraft manufacturing,,,Unknown,Unknown,
NHI,Private,,France/Germany/Italy,,,,,,,,Aircraft manufacturing,,,Unknown,Unknown,
Nieuport,Private,,France,,,,,,,,Aircraft manufacturing,,> Nieuport-Astra,Unknown,Unknown,
Noorduyn,Private,,Canada,,,,,,,,Aircraft manufacturing,,,Unknown,Unknown,
Nord,Private,,France,,,,,,,,Aircraft manufacturing,,> Aérospatiale,Unknown,Unknown,
Norman,Private,,Canada,,,,,,,,Aircraft manufacturing,,,Unknown,Unknown,
North American,Private,1928,United States,,,,,,,,Aircraft manufacturing,,> Rockwell,Yes,No,
Northrop,Private,1926,United States,Jack Northrop (founder),"B-2 Spirit, F-5 Freedom Fighter","15,000+",,https://upload.wikimedia.org/wikipedia/commons/thumb/4/43/Northrop_logo.svg/200px-Northrop_logo.svg.png,,,Aircraft manufacturing,,> Northrop Grumman,Yes,No,
Northrop Grumman,Public,1994,United States,Kathy Warden (CEO),"Military aircraft, defense systems, aerospace","90,000+",https://www.northropgrumman.com,https://upload.wikimedia.org/wikipedia/commons/thumb/c/c2/Northrop_Grumman_Logo.svg/200px-Northrop_Grumman_Logo.svg.png,,,Defense and Aerospace,,,No,Yes,
Oakland,Private,,United States,,,,,,,,Aircraft manufacturing,,,Unknown,Unknown,
Oberlerchner,Private,,Austria,,,,,,,,Aircraft manufacturing,,,Unknown,Unknown,
OGMA,Private,,Portugal,,,,,,,,Aircraft manufacturing,,,Unknown,Unknown,
Oldfield,Private,,United States,,,,,,,,Aircraft manufacturing,,,Unknown,Unknown,
OMAC,Private,,United States,,,,,,,,Aircraft manufacturing,,,Unknown,Unknown,
OMF,Private,,Germany,,,,,,,,Aircraft manufacturing,,,Unknown,Unknown,
One Aviation,Private,,United States,,,,,,,,Aircraft manufacturing,,,Unknown,Unknown,
Orlican,Private,,Czech Republic,,,,,,,,Aircraft manufacturing,,,Unknown,Unknown,
Osprey,Private,,United States,,,,,,,,Aircraft manufacturing,,,Unknown,Unknown,
Oshkosh,Public,,United States,,,,,,,,Aircraft manufacturing,,,Unknown,Unknown,
PacAero,Public,,United States,,,,,,,,Aircraft engine manufacturing,,,Unknown,Unknown,
Pacific Aerospace,Public,,New Zealand,,,,,,,,Aircraft manufacturing,,,Unknown,Unknown,
Panavia,Private,1969,Germany/UK/Italy,,,,,,,,Aircraft manufacturing,,,Yes,No,
Pander,Private,,Netherlands,,,,,,,,Aircraft manufacturing,,,Unknown,Unknown,
Parsec,Private,,United States,,,,,,,,Aircraft manufacturing,,,Unknown,Unknown,
Partenavia,Private,,Italy,,,,,,,,Aircraft manufacturing,,> VulcanAir,Unknown,Unknown,
Pazmany,Public,,United States,,,,,,,,Aircraft manufacturing,,,Unknown,Unknown,
Pegase,Private,,Canada,,,,,,,,Aircraft manufacturing,,,Unknown,Unknown,
Percival,Private,,United Kingdom,,,,,,,,Aircraft manufacturing,,,Unknown,Unknown,
Piel,Private,,France,,,,,,,,Aircraft manufacturing,,,Unknown,Unknown,
Piaggio,Private,1884,Italy,Rinaldo Piaggio (founder),"P.180, vespa scooters","12,000+",https://www.piaggio.com,https://upload.wikimedia.org/wikipedia/commons/thumb/d/d1/Piaggio_Aero_logo.svg/200px-Piaggio_Aero_logo.svg.png,,,Manufacturing,,,No,Yes,
Piasecki,Public,,United States,,,,,,,,Helicopter manufacturing,,,Unknown,Unknown,
Pietenpol,Private,,United States,,,,,,,,Aircraft manufacturing,,,Unknown,Unknown,
Pilatus,Private,1939,Switzerland,Markus H. (CEO),"PC-12, PC-21, training aircraft","3,500+",https://www.pilatus-aircraft.com,https://upload.wikimedia.org/wikipedia/commons/thumb/5/5e/Pilatus_Logo.svg/200px-Pilatus_Logo.svg.png,,,Aircraft manufacturing,,,No,Yes,
Piper,Public,1927,United States,John R. K. (CEO),General aviation aircraft,"1,000+",https://www.piper.com,https://upload.wikimedia.org/wikipedia/commons/thumb/3/32/Piper_Aircraft_company_logo.svg/200px-Piper_Aircraft_company_logo.svg.png,,,Aircraft manufacturing,,,No,Yes,
Pipistrel,Private,,Slovenia,,,,,,,,Aircraft manufacturing,,,Unknown,Unknown,
Pitcairn,Private,,United States,,,,,,,,Aircraft manufacturing,,,Unknown,Unknown,
Pitts,Private,,United States,,,,,,,,Aircraft manufacturing,,,Unknown,Unknown,
Plan,Private,,France,,,,,,,,Aircraft manufacturing,,,Unknown,Unknown,
Podesva,Private,,Czech Republic,,,,,,,,Aircraft manufacturing,,,Unknown,Unknown,
Polikarpov,Private,,Russia,,,,,,,,Aircraft manufacturing,,,Unknown,Unknown,
Porterfield,Public,,United States,,,,,,,,Aircraft manufacturing,,,Unknown,Unknown,
Potez,Private,1915,France,,,,,,,,Aircraft manufacturing,,,Yes,No,
Pottier,Private,,France,,,,,,,,Aircraft manufacturing,,,Unknown,Unknown,
PZL,Private,1928,Poland,,,,,,,,Aircraft manufacturing,,,No,Yes,
Quad City,Private,,United States,,,,,,,,Aircraft manufacturing,,,Unknown,Unknown,
Quest,Private,,United States,,,,,,,,Aircraft manufacturing,,,Unknown,Unknown,
Questair,Private,,United States,,,,,,,,Aircraft manufacturing,,,Unknown,Unknown,
Quickie,Public,,United States,,,,,,,,Aircraft manufacturing,,,Unknown,Unknown,
Quikkit,Public,,United States,,,,,,,,Aircraft manufacturing,,,Unknown,Unknown,
RAF,Private,,United Kingdom,,,,,,,,Aircraft manufacturing,,> Royal Aircraft Establishment,Unknown,Unknown,
RANS,Private,,United States,,,,,,,,Aircraft manufacturing,,,Unknown,Unknown,
Raytheon,Private,1926,United States,Gregory Hayes (CEO),"Missiles, defense systems, aerospace","73,000+",https://www.raytheon.com,https://upload.wikimedia.org/wikipedia/commons/thumb/7/71/Raytheon_logo.svg/200px-Raytheon_logo.svg.png,,,Defense,,> Hawker Beechcraft,Yes,No,
Rearwin,Private,,United States,,,,,,,,Aircraft engine manufacturing,,,Unknown,Unknown,
Redmond,Private,,United States,,,,,,,,Aircraft manufacturing,,,Unknown,Unknown,
Reims Aviation,Private,,France,,,,,,,,Aircraft manufacturing,,,Unknown,Unknown,
Renard,Private,,France,,,,,,,,Aircraft manufacturing,,,Unknown,Unknown,
Republic,Public,1939,United States,Richard Lennard (founder),"F-84 Thunderjet, F-105 Thunderchief","8,000+",,https://upload.wikimedia.org/wikipedia/commons/thumb/5/5f/Republic_Aeronautical_Logo.svg/200px-Republic_Aeronautical_Logo.svg.png,,,Aircraft manufacturing,,> Fairchild Hiller,Yes,No,
Revolution,Public,,United States,,,,,,,,Helicopter manufacturing,,,Unknown,Unknown,
Rhein,Private,,Germany,,,,,,,,Aircraft manufacturing,,,Unknown,Unknown,
Riley,Public,,United States,,,,,,,,Aircraft manufacturing,,> Advanced Aircraft,Unknown,Unknown,
Robin,Private,1969,France,,,,,,,,Aircraft manufacturing,,,No,Yes,
Robinson,Private,1979,United States,Frank Robinson (founder),"R22, R44 helicopters",500+,https://www.robinsonheli.com,https://upload.wikimedia.org/wikipedia/commons/thumb/e/ee/Robinson_Helicopter_Company_logo.svg/200px-Robinson_Helicopter_Company_logo.svg.png,,,Helicopter manufacturing,,,No,Yes,
Rockwell,Public,1966,United States,,,,,,,,Aircraft manufacturing,,> Boeing North American,Yes,No,
Rogerson,Public,,United States,,,,,,,,Aircraft manufacturing,,,Unknown,Unknown,
Rogozarski,Private,1924,Yugoslavia,,,,,,,,Aircraft manufacturing,,,Yes,No,
Rolladen-Schneider,Private,,Germany,,,,,,,,Aircraft manufacturing,,,Unknown,Unknown,
Rollason,Private,,United Kingdom,,,,,,,,Aircraft engine manufacturing,,,Unknown,Unknown,
Romaero,Private,,Romania,,,,,,,,Aircraft manufacturing,,,Unknown,Unknown,
Rotary,Private,,Canada,,,,,,,,Aircraft manufacturing,,,Unknown,Unknown,
RotorWay,Private,,United States,,,,,,,,Aircraft manufacturing,,,Unknown,Unknown,
Rutan,Private,1962,United States,Burt Rutan (founder),"SpaceShipOne, Voyager",500+,https://www.scaled.com,https://upload.wikimedia.org/wikipedia/commons/thumb/9/95/Rutan_Aircraft_Factory_logo.svg/200px-Rutan_Aircraft_Factory_logo.svg.png,,,Aircraft manufacturing,,,No,Yes,
Ryan,Private,1934,United States,,,,,,,,Aircraft manufacturing,,> Northrop Grumman,Yes,No,
S-PLANE,Private,,South Africa,,,,,,,,Aircraft manufacturing,,,Unknown,Unknown,
Saab,Private,1937,Sweden,Micael Johansson (CEO),"Gripen fighter, defense systems","18,000+",https://www.saab.com,https://upload.wikimedia.org/wikipedia/commons/thumb/2/28/Saab_AB_logo.svg/200px-Saab_AB_logo.svg.png,,,Defense and Aerospace,,,No,Yes,
SABCA,Private,1921,Belgium,,,,,,,,Aircraft manufacturing,,,No,Yes,
Sadler,Public,,United States,,,,,,,,Aircraft manufacturing,,,Unknown,Unknown,
SAI,Private,,Denmark,,,,,,,,Aircraft manufacturing,,,Unknown,Unknown,
Scaled,Public,1982,United States,,,,,,,,Aircraft manufacturing,,,No,Yes,
Schempp-Hirth,Private,,Germany,,,,,,,,Aircraft manufacturing,,,Unknown,Unknown,
Schleicher,Private,,Germany,,,,,,,,Aircraft manufacturing,,,Unknown,Unknown,
Schweizer,Public,1939,United States,Paul Schweizer (founder),"SG-122, Schweizer 300",500+,,https://upload.wikimedia.org/wikipedia/commons/thumb/d/d5/Schweizer_Aircraft_logo.svg/200px-Schweizer_Aircraft_logo.svg.png,,,Aircraft manufacturing,,> AgustaWestland,Yes,No,
Scottish Aviation,Private,,United Kingdom,,,,,,,,Aircraft manufacturing,,> British Aerospace,Unknown,Unknown,
Seabird,Private,,Australia,,,,,,,,Aircraft manufacturing,,,Unknown,Unknown,
Seawind,Private,,United States,,,,,,,,Aircraft manufacturing,,,Unknown,Unknown,
Serv-Aero,Private,,United States,,,,,,,,Aircraft engine manufacturing,,,Unknown,Unknown,
Seversky,Public,,United States,,,,,,,,Aircraft manufacturing,,> Republic,Unknown,Unknown,
SFERMA,Private,,France,,,,,,,,Aircraft manufacturing,,,Unknown,Unknown,
Shaanxi,Private,,China,,,,,,,,Aircraft manufacturing,,,Unknown,Unknown,
Shanghai,Private,,China,,,,,,,,Aircraft manufacturing,,,Unknown,Unknown,
Shenyang,Public,,China,,,,,,,,Aircraft manufacturing,,,Unknown,Unknown,
Short,Private,,United Kingdom,,,,,,,,Aircraft manufacturing,,> Bombardier,Unknown,Unknown,
SIAI-Marchetti,Private,,Italy,,,,,,,,Aircraft manufacturing,,,Unknown,Unknown,
Sikorsky,Public,1923,United States,Paul Lemmo (President),"Helicopters, Black Hawk","8,000+",https://www.sikorsky.com,https://upload.wikimedia.org/wikipedia/commons/thumb/d/d5/Sikorsky_Aircraft_logo.svg/200px-Sikorsky_Aircraft_logo.svg.png,,,Helicopter manufacturing,,,No,Yes,
Silvercraft,Private,,Italy,,,,,,,,Aircraft manufacturing,,,Unknown,Unknown,
Skycraft,Private,,United States,,,,,,,,Aircraft manufacturing,,,Unknown,Unknown,
Skyrider,Private,,Germany,,,,,,,,Aircraft manufacturing,,,Unknown,Unknown,
Slingsby,Private,1934,United Kingdom,,,,,,,,Aircraft manufacturing,,,No,Yes,
SNCAC,Private,1936,France,,,,,,,,Aircraft manufacturing,,,Yes,No,
SNCAN,Private,,France,,,,,,,,Aircraft manufacturing,,,Unknown,Unknown,
SNECMA,Private,1956,France,,,,,,,,Aircraft manufacturing,,> Snecma,Yes,No,
Soko,Private,1952,Bosnia-Hercegovina,,,,,,,,Aircraft manufacturing,,,Yes,No,
Soloy,Public,,United States,,,,,,,,Aircraft manufacturing,,,Unknown,Unknown,
Sonex,Private,,United States,,,,,,,,Aircraft manufacturing,,,Unknown,Unknown,
Sopwith,Public,1912,United Kingdom,,,,,,,,Aircraft manufacturing,,,Yes,No,
Spartan,Private,,United States,,,,,,,,Aircraft manufacturing,,,Unknown,Unknown,
Speedtwin,Private,,United Kingdom,,,,,,,,Aircraft manufacturing,,,Unknown,Unknown,
Spencer,Private,,United States,,,,,,,,Aircraft manufacturing,,,Unknown,Unknown,
Spirale,Private,,France,,,,,,,,Aircraft manufacturing,,,Unknown,Unknown,
Spirit,Private,2005,United States,,,,,,,,Aircraft manufacturing,,,No,Yes,
Stampe,Private,,Belgium,,,,,,,,Aircraft manufacturing,,,Unknown,Unknown,
Standard,Public,,United States,,,,,,,,Aircraft manufacturing,,,Unknown,Unknown,
Staudacher,Private,,United States,,,,,,,,Aircraft manufacturing,,,Unknown,Unknown,
Stavin,Private,,United States,,,,,,,,Aircraft manufacturing,,,Unknown,Unknown,
Stairstep,Private,,United States,,,,,,,,Aircraft manufacturing,,,Unknown,Unknown,
Stearman,Private,1927,United States,,,,,,,,Aircraft manufacturing,,> Boeing,Yes,No,
Stemme,Private,,Germany,,,,,,,,Aircraft manufacturing,,,Unknown,Unknown,
Stinson,Public,1915,United States,Eddie Stinson (founder),"Stinson Monocoupe, Reliant","2,000+",,https://upload.wikimedia.org/wikipedia/commons/thumb/5/5e/Stinson_Aircraft_logo.svg/200px-Stinson_Aircraft_logo.svg.png,,,Aircraft manufacturing,,> Piper,Yes,No,
Stits,Private,,United States,,,,,,,,Aircraft manufacturing,,,Unknown,Unknown,
Stoddard-Hamilton,Private,,United States,,,,,,,,Aircraft manufacturing,,,Unknown,Unknown,
Storch,Private,,Australia,,,,,,,,Aircraft manufacturing,,,Unknown,Unknown,
Stout,Private,,United States,,,,,,,,Aircraft manufacturing,,,Unknown,Unknown,
Sud-Aviation,Private,1957,France,,,,,,,,Aircraft manufacturing,,> Aérospatiale,Yes,No,
Sukhoi,Private,1939,Russia,Paul Sukhoi (founder),"Su-27, Su-30, Su-35 fighters","15,000+",https://www.sukhoi.org,https://upload.wikimedia.org/wikipedia/commons/thumb/2/22/Sukhoi_logo.svg/200px-Sukhoi_logo.svg.png,,,Aerospace,,,No,Yes,
Sunbeam,Private,,United Kingdom,,,,,,,,Aircraft manufacturing,,,Unknown,Unknown,
Supermarine,Private,1913,United Kingdom,,,,,,,,Aircraft manufacturing,,> Vickers,Yes,No,
Svenska Aero,Private,,Sweden,,,,,,,,Aircraft manufacturing,,,Unknown,Unknown,
Swallow,Private,,United States,,,,,,,,Aircraft manufacturing,,,Unknown,Unknown,
Swearingen,Private,,United States,,,,,,,,Aircraft manufacturing,,,Unknown,Unknown,
Swift,Private,,United Kingdom,,,,,,,,Aircraft manufacturing,,,Unknown,Unknown,
SZD,Private,,Poland,,,,,,,,Aircraft manufacturing,,,Unknown,Unknown,
TAI,Private,1984,Turkey,,,,,,,,Aircraft manufacturing,,,No,Yes,
Taylorcraft,Private,1931,United States,,,,,,,,Aircraft manufacturing,,> Auster,Yes,No,
Tecnam,Private,1948,Italy,,,,,,,,Aircraft manufacturing,,,No,Yes,
Ted Smith,Private,,United States,,,,,,,,Aircraft manufacturing,,,Unknown,Unknown,
Temco,Public,,United States,,,,,,,,Aircraft manufacturing,,,Unknown,Unknown,
Thrush,Private,1968,United States,,,,,,,,Aircraft manufacturing,,,No,Yes,
Thurston,Public,,United States,,,,,,,,Aircraft manufacturing,,,Unknown,Unknown,
Tiger,Private,,United States,,,,,,,,Aircraft manufacturing,,,Unknown,Unknown,
Tipsy,Private,,Belgium,,,,,,,,Aircraft manufacturing,,,Unknown,Unknown,
Titan,Private,,United States,,,,,,,,Aircraft manufacturing,,,Unknown,Unknown,
Tomark,Private,,Slovakia,,,,,,,,Aircraft manufacturing,,,Unknown,Unknown,
Transall,Private,,Germany/France,,,,,,,,Aircraft manufacturing,,,Unknown,Unknown,
Travel Air,Private,1924,United States,,,,,,,,Aircraft manufacturing,,> Curtiss-Wright,Yes,No,
Tri-R,Private,,United States,,,,,,,,Aircraft manufacturing,,,Unknown,Unknown,
Triumph,Private,,United States,,,,,,,,Aircraft manufacturing,,,Unknown,Unknown,
Tucker,Private,,United States,,,,,,,,Aircraft manufacturing,,,Unknown,Unknown,
Tupolev,Private,1922,Russia,Andrei Tupolev (founder),"Tu-154, Tu-204, bombers","18,000+",https://www.tupolev.ru,https://upload.wikimedia.org/wikipedia/commons/thumb/d/d8/Tupolev_logo.svg/200px-Tupolev_logo.svg.png,,,Aerospace,,,No,Yes,
Turbine,Private,,United States,,,,,,,,Aircraft manufacturing,,,Unknown,Unknown,
TUSAS,Private,1972,Turkey,,,,,,,,Aircraft manufacturing,,,No,Yes,
Udet,Private,1926,Germany,,,,,,,,Aircraft manufacturing,,,Yes,No,
UFO,Private,,New Zealand,,,,,,,,Aircraft manufacturing,,,Unknown,Unknown,
UL-Jih,Private,,Czech Republic,,,,,,,,Aircraft manufacturing,,,Unknown,Unknown,
Ultravia,Private,,Canada,,,,,,,,Aircraft manufacturing,,,Unknown,Unknown,
UNC,Private,,United States,,,,,,,,Helicopter manufacturing,,,Unknown,Unknown,
United Aircraft,Public,,Russia,,,,,,,,Aircraft manufacturing,,,Unknown,Unknown,
Urban,Private,,Czech Republic,,,,,,,,Aircraft manufacturing,,,Unknown,Unknown,
Utilicraft,Private,,United States,,,,,,,,Aircraft manufacturing,,,Unknown,Unknown,
UTVA,Private,1937,Yugoslavia,,,,,,,,Aircraft manufacturing,,,No,Yes,
Valentin,Private,,Germany,,,,,,,,Aircraft manufacturing,,,Unknown,Unknown,
Valmet,Private,,Finland,,,,,,,,Aircraft manufacturing,,,Unknown,Unknown,
Van's,Private,1973,United States,,,,,,,,Aircraft manufacturing,,,No,Yes,
Vardax,Public,,United States,,,,,,,,Aircraft manufacturing,,,Unknown,Unknown,
Vargas,Private,,United States,,,,,,,,Aircraft manufacturing,,,Unknown,Unknown,
VEB,Private,,Germany,,,,,,,,Aircraft manufacturing,,,Unknown,Unknown,
Velocity,Private,,United States,,,,,,,,Aircraft manufacturing,,,Unknown,Unknown,
Verilite,Public,,United States,,,,,,,,Aircraft manufacturing,,,Unknown,Unknown,
Vertol,Private,1956,United States,,,,,,,,Aircraft manufacturing,,> Boeing,Yes,No,
VFW,Private,,Germany,,,,,,,,Aircraft manufacturing,,,Unknown,Unknown,
Vickers,Private,1911,United Kingdom,Alexander Vickers (founder),"VC10, Viscount airliners","15,000+",,https://upload.wikimedia.org/wikipedia/commons/thumb/5/5d/Vickers_logo.svg/200px-Vickers_logo.svg.png,,,Aircraft manufacturing,,> BAC,Yes,No,
Victa,Private,1958,Australia,,,,,,,,Aircraft manufacturing,,,Yes,No,
Viking Air,Private,1970,Canada,,,,,,,,Aircraft manufacturing,,,No,Yes,
Viper,Public,,United States,,,,,,,,Aircraft manufacturing,,,Unknown,Unknown,
VisionAire,Public,,United States,,,,,,,,Aircraft manufacturing,,,Unknown,Unknown,
Voisin,Private,1905,France,,,,,,,,Aircraft manufacturing,,,Yes,No,
Volaircraft,Private,,United States,,,,,,,,Aircraft manufacturing,,,Unknown,Unknown,
Volmer,Private,,United States,,,,,,,,Aircraft manufacturing,,,Unknown,Unknown,
Volpar,Private,,United States,,,,,,,,Aircraft manufacturing,,,Unknown,Unknown,
Vought,Private,1927,United States,Chance M. Vought (founder),"F4U Corsair, F-8 Crusader","15,000+",,https://upload.wikimedia.org/wikipedia/commons/thumb/f/fa/Vought_logo.svg/200px-Vought_logo.svg.png,,,Aircraft manufacturing,,> LTV,Yes,No,
VulcanAir,Private,,Italy,,,,,,,,Aircraft manufacturing,,,Unknown,Unknown,
Vultee,Private,,United States,,,,,,,,Aircraft manufacturing,,> Convair,Unknown,Unknown,
WACO,Private,1925,United States,,,,,,,,Aircraft manufacturing,,,Yes,No,
Wagaero,Private,,United States,,,,,,,,Aircraft manufacturing,,,Unknown,Unknown,
WAR,Private,,United States,,,,,,,,Aircraft manufacturing,,,Unknown,Unknown,
Wassmer,Private,,France,,,,,,,,Aircraft manufacturing,,,Unknown,Unknown,
Weatherly,Public,,United States,,,,,,,,Aircraft manufacturing,,,Unknown,Unknown,
Wendt,Private,,United States,,,,,,,,Aircraft engine manufacturing,,,Unknown,Unknown,
Weser,Private,,Germany,,,,,,,,Aircraft manufacturing,,,Unknown,Unknown,
Westland,Private,1912,United Kingdom,,,,,,,,Aircraft manufacturing,,> GKN Westland,Yes,No,
Whittlesey,Public,,United States,,,,,,,,Aircraft manufacturing,,,Unknown,Unknown,
Wilden,Private,,Germany,,,,,,,,Aircraft manufacturing,,,Unknown,Unknown,
Wills Wing,Private,,United States,,,,,,,,Aircraft manufacturing,,,Unknown,Unknown,
Windecker,Private,,United States,,,,,,,,Aircraft manufacturing,,,Unknown,Unknown,
Wittman,Private,,United States,,,,,,,,Aircraft manufacturing,,,Unknown,Unknown,
Wren,Public,,United States,,,,,,,,Aircraft manufacturing,,,Unknown,Unknown,
Wright,Private,1919,United States,,,,,,,,Aircraft manufacturing,,,Yes,No,
Wright,Private,1909,United States,,,,,,,,Aircraft manufacturing,,,Yes,No,
Wright-Martin,Private,1916,United States,,,,,,,,Aircraft manufacturing,,,Yes,No,
WZL,Private,,Poland,,,,,,,,Aircraft manufacturing,,,Unknown,Unknown,
Xian,Private,,China,,,,,,,,Aircraft manufacturing,,,Unknown,Unknown,
XtremeAir,Private,,Germany,,,,,,,,Aircraft manufacturing,,,Unknown,Unknown,
Yakovlev,Private,1934,Russia,Alexander Yakovlev (founder),"Yak-130, Yak-152 trainers","10,000+",https://www.yak.ru,https://upload.wikimedia.org/wikipedia/commons/thumb/2/21/Yakovlev_logo.svg/200px-Yakovlev_logo.svg.png,,,Aerospace,,,No,Yes,
Yermolaev,Private,,Russia,,,,,,,,Aircraft manufacturing,,,Unknown,Unknown,
Yokosuka,Private,,Japan,,,,,,,,Aircraft manufacturing,,,Unknown,Unknown,
Zenair,Private,,Canada,,,,,,,,Aircraft manufacturing,,,Unknown,Unknown,
Zenith,Private,1988,United States,Chris Hanlon (President),"CH 750, CH 801 kit aircraft",50+,https://www.zenithair.com,https://upload.wikimedia.org/wikipedia/commons/thumb/8/8e/Zenith_Aircraft_Company_logo.svg/200px-Zenith_Aircraft_Company_logo.svg.png,,,Aircraft manufacturing,,,No,Yes,
Zlin,Private,1934,Czech Republic,,,,,,,,Aircraft manufacturing,,,No,Yes,
Zivko,Private,,United States,,,,,,,,Aircraft manufacturing,,,Unknown,Unknown,
